"rank_population","country_en","iso3","leader_name_en","office_title","leader_verdict","salary_verdict","salary_usd_monthly_display","salary_confidence","fact_check_note","primary_sources","head_of_state_recheck_status","head_of_state_recheck_source"
"1","India","IND","Droupadi Murmu","Head of state / president where applicable","OK","OK_HIGHER_CONFIDENCE","$5,833","high","","https://www.mha.gov.in/sites/default/files/2022-08/PresidentsActupto2018_09082018%5B1%5D_0.pdf | https://www.cia.gov/resources/world-leaders/","MATCHED_WIKIDATA_P35_2026_06_09","Matched Wikidata truthy P35 head-of-state value during full 100-row recheck; CIA World Leaders used as general current-office cross-check."
"2","People's Republic of China","CHN","Xi Jinping","Head of state / president where applicable","OK","REVIEW_APPROXIMATE","$1,833","medium","FACTCHECK: salary retained as approximate; official/current source not fully verified","https://en.wikipedia.org/wiki/List_of_heads_of_state_and_government_salaries | https://www.cia.gov/resources/world-leaders/","MATCHED_WIKIDATA_P35_2026_06_09","Matched Wikidata truthy P35 head-of-state value during full 100-row recheck; CIA World Leaders used as general current-office cross-check."
"3","United States","USA","Donald Trump","Head of state / president where applicable","OK","OK_APPROXIMATE","$33,333","medium","","https://en.wikipedia.org/wiki/List_of_heads_of_state_and_government_salaries | https://www.cia.gov/resources/world-leaders/","MATCHED_WIKIDATA_P35_2026_06_09","Matched Wikidata truthy P35 head-of-state value during full 100-row recheck; CIA World Leaders used as general current-office cross-check."
"4","Indonesia","IDN","Prabowo Subianto","Head of state / president where applicable","OK","REVIEW_APPROXIMATE","$4,300","medium","FACTCHECK: salary retained as approximate; official/current source not fully verified","https://en.wikipedia.org/wiki/List_of_heads_of_state_and_government_salaries | https://www.cia.gov/resources/world-leaders/","MATCHED_WIKIDATA_P35_2026_06_09","Matched Wikidata truthy P35 head-of-state value during full 100-row recheck; CIA World Leaders used as general current-office cross-check."
"5","Pakistan","PAK","Asif Ali Zardari","Head of state / president where applicable","OK","OK_HIGHER_CONFIDENCE","$2,992","high","","https://www.pakistancode.gov.pk/pdffiles/administrator5aec1130757e2fbcae3401d26e103d9e.pdf | https://www.cia.gov/resources/world-leaders/","MATCHED_WIKIDATA_P35_2026_06_09","Matched Wikidata truthy P35 head-of-state value during full 100-row recheck; CIA World Leaders used as general current-office cross-check."
"6","Nigeria","NGA","Bola Ahmed Tinubu","Head of state / president where applicable","OK","OK_HIGHER_CONFIDENCE","$767","high","","https://rmafc.gov.ng/wp-content/uploads/2020/01/Remuneration-Package-for-Political-and-Judicial-Office-Holders-.pdf | https://www.cia.gov/resources/world-leaders/","MATCHED_WIKIDATA_P35_2026_06_09","Matched Wikidata truthy P35 head-of-state value during full 100-row recheck; CIA World Leaders used as general current-office cross-check."
"7","Brazil","BRA","Luiz Inácio Lula da Silva","Head of state / president where applicable","OK","REVIEW_APPROXIMATE","$8,544","medium","FACTCHECK: salary retained as approximate; official/current source not fully verified","https://en.wikipedia.org/wiki/List_of_heads_of_state_and_government_salaries | https://www.cia.gov/resources/world-leaders/","MATCHED_WIKIDATA_P35_2026_06_09","Matched Wikidata truthy P35 head-of-state value during full 100-row recheck; CIA World Leaders used as general current-office cross-check."
"8","Bangladesh","BGD","Mohammad Shahabuddin","Head of state / president where applicable","OK","OK_HIGHER_CONFIDENCE","$983","high","","https://laws.sayed.app/laws/act-487 | https://www.cia.gov/resources/world-leaders/","MATCHED_WIKIDATA_P35_2026_06_09","Matched Wikidata truthy P35 head-of-state value during full 100-row recheck; CIA World Leaders used as general current-office cross-check."
"9","Russia","RUS","Vladimir Putin","Head of state / president where applicable","OK","REVIEW_APPROXIMATE","$11,333","medium","FACTCHECK: salary retained as approximate; official/current source not fully verified","https://en.wikipedia.org/wiki/List_of_heads_of_state_and_government_salaries | https://www.cia.gov/resources/world-leaders/","MATCHED_WIKIDATA_P35_2026_06_09","Matched Wikidata truthy P35 head-of-state value during full 100-row recheck; CIA World Leaders used as general current-office cross-check."
"10","Mexico","MEX","Claudia Sheinbaum","Head of state / president where applicable","OK","OK_APPROXIMATE","$10,300","medium","","https://mexiconewsdaily.com/politics/how-much-do-mexicos-elected-officials-really-earn/ | https://www.cia.gov/resources/world-leaders/","CONFIRMED_LABEL_EXCEPTION","Wikidata P35 label returned as QID, but CIA World Leaders confirms Claudia Sheinbaum."
"11","Japan","JPN","Naruhito","Monarch / head of state; no president","OK","FILLED_PRODUCTION_ESTIMATE","$17,500","estimated","FACTCHECK: monarchy/royal allocation is not treated as president salary | PRODUCTION_FILL: no unknown value left; realistic estimate for video display, not fully verified official payroll","https://en.wikipedia.org/wiki/List_of_heads_of_state_and_government_salaries | https://www.cia.gov/resources/world-leaders/","MATCHED_WIKIDATA_P35_2026_06_09","Matched Wikidata truthy P35 head-of-state value during full 100-row recheck; CIA World Leaders used as general current-office cross-check."
"12","Philippines","PHL","Bongbong Marcos","Head of state / president where applicable","OK","REVIEW_APPROXIMATE","$7,963","medium","FACTCHECK: salary retained as approximate; official/current source not fully verified","https://en.wikipedia.org/wiki/List_of_heads_of_state_and_government_salaries | https://www.cia.gov/resources/world-leaders/","MATCHED_WIKIDATA_P35_2026_06_09","Matched Wikidata truthy P35 head-of-state value during full 100-row recheck; CIA World Leaders used as general current-office cross-check."
"13","Democratic Republic of the Congo","COD","Félix Tshisekedi","Head of state / president where applicable","OK","REVIEW_APPROXIMATE","$10,800","low","FACTCHECK: salary retained as approximate; official/current source not fully verified","https://kt.cd/2024/03/07/en-rdc-le-president-felix-tshisekedi-touche-un-salaire-annuel-de-129-600-usd/ | https://www.cia.gov/resources/world-leaders/","MATCHED_WIKIDATA_P35_2026_06_09","Matched Wikidata truthy P35 head-of-state value during full 100-row recheck; CIA World Leaders used as general current-office cross-check."
"14","Ethiopia","ETH","Taye Atske Selassie","Head of state / president where applicable","OK","REVIEW_APPROXIMATE","$3,772","low","FACTCHECK: salary retained as approximate; official/current source not fully verified","https://en.wikipedia.org/wiki/List_of_heads_of_state_and_government_salaries | https://www.cia.gov/resources/world-leaders/","MATCHED_WIKIDATA_P35_2026_06_09","Matched Wikidata truthy P35 head-of-state value during full 100-row recheck; CIA World Leaders used as general current-office cross-check."
"15","Egypt","EGY","Abdel Fattah el-Sisi","Head of state / president where applicable","OK","OK_APPROXIMATE","$840","medium","","https://www.egypt-business.com/news/details/1420-egypt-president-salary-to-be-raised-to-egp42000/9080 | https://www.cia.gov/resources/world-leaders/","MATCHED_WIKIDATA_P35_2026_06_09","Matched Wikidata truthy P35 head-of-state value during full 100-row recheck; CIA World Leaders used as general current-office cross-check."
"16","Vietnam","VNM","Tô Lâm","Head of state / president where applicable","OK","REVIEW_APPROXIMATE","$925","medium","FACTCHECK: salary retained as approximate; official/current source not fully verified","https://en.wikipedia.org/wiki/List_of_heads_of_state_and_government_salaries | https://www.cia.gov/resources/world-leaders/","MATCHED_WIKIDATA_P35_2026_06_09","Matched Wikidata truthy P35 head-of-state value during full 100-row recheck; CIA World Leaders used as general current-office cross-check."
"17","Iran","IRN","Mojtaba Khamenei","Supreme Leader / head of state","FIXED_HEAD_OF_STATE","FILLED_PRODUCTION_ESTIMATE","$1,500","estimated","FACTCHECK: Iran: kept President Masoud Pezeshkian for president-focused video; supreme leader is head of state, so salary is not comparable. | PRODUCTION_FILL: no unknown value left; realistic estimate for video display, not fully verified official payroll | HEAD_OF_STATE_RECHECK: Iran changed from president Masoud Pezeshkian to Supreme Leader Mojtaba Khamenei because Supreme Leader is the head of state.","https://www.cia.gov/resources/world-leaders/foreign-governments/iran | https://www.wikidata.org/wiki/Q2919350 | https://www.reuters.com/ (state media report cited via Reuters/secondary wires)","FIXED_HEAD_OF_STATE","Wikidata P35 Q2919350 = Mojtaba Khamenei; Reuters/state-media reports confirm new Supreme Leader; row corrected from President Masoud Pezeshkian."
"18","Turkey","TUR","Recep Tayyip Erdoğan","Head of state / president where applicable","OK","REVIEW_APPROXIMATE","$5,833","medium","FACTCHECK: salary retained as approximate; official/current source not fully verified","https://en.wikipedia.org/wiki/List_of_heads_of_state_and_government_salaries | https://www.cia.gov/resources/world-leaders/","MATCHED_WIKIDATA_P35_2026_06_09","Matched Wikidata truthy P35 head-of-state value during full 100-row recheck; CIA World Leaders used as general current-office cross-check."
"19","Germany","DEU","Frank-Walter Steinmeier","Head of state / president where applicable","OK","REVIEW_APPROXIMATE","$34,467","medium","FACTCHECK: salary retained as approximate; official/current source not fully verified","https://en.wikipedia.org/wiki/List_of_heads_of_state_and_government_salaries | https://www.cia.gov/resources/world-leaders/","MATCHED_WIKIDATA_P35_2026_06_09","Matched Wikidata truthy P35 head-of-state value during full 100-row recheck; CIA World Leaders used as general current-office cross-check."
"20","United Kingdom","GBR","Charles III","Monarch / head of state; no president","OK","FILLED_PRODUCTION_ESTIMATE","$100,000","estimated","FACTCHECK: monarchy/royal allocation is not treated as president salary | PRODUCTION_FILL: no unknown value left; realistic estimate for video display, not fully verified official payroll","https://en.wikipedia.org/wiki/List_of_heads_of_state_and_government_salaries | https://www.cia.gov/resources/world-leaders/","MATCHED_WIKIDATA_P35_2026_06_09","Matched Wikidata truthy P35 head-of-state value during full 100-row recheck; CIA World Leaders used as general current-office cross-check."
"21","France","FRA","Emmanuel Macron","Head of state / president where applicable","OK","REVIEW_APPROXIMATE","$16,192","medium","FACTCHECK: salary retained as approximate; official/current source not fully verified","https://en.wikipedia.org/wiki/List_of_heads_of_state_and_government_salaries | https://www.cia.gov/resources/world-leaders/","MATCHED_WIKIDATA_P35_2026_06_09","Matched Wikidata truthy P35 head-of-state value during full 100-row recheck; CIA World Leaders used as general current-office cross-check."
"22","Tanzania","TZA","Samia Suluhu Hassan","Head of state / president where applicable","OK","REVIEW_APPROXIMATE","$3,942","low","FACTCHECK: salary retained as approximate; official/current source not fully verified","https://en.wikipedia.org/wiki/List_of_heads_of_state_and_government_salaries | https://www.cia.gov/resources/world-leaders/","MATCHED_WIKIDATA_P35_2026_06_09","Matched Wikidata truthy P35 head-of-state value during full 100-row recheck; CIA World Leaders used as general current-office cross-check."
"23","Thailand","THA","Vajiralongkorn","Monarch / head of state; no president","OK","FILLED_PRODUCTION_ESTIMATE","$60,000","estimated","FACTCHECK: monarchy/royal allocation is not treated as president salary | PRODUCTION_FILL: no unknown value left; realistic estimate for video display, not fully verified official payroll","https://en.wikipedia.org/wiki/List_of_heads_of_state_and_government_salaries | https://www.cia.gov/resources/world-leaders/","MATCHED_WIKIDATA_P35_2026_06_09","Matched Wikidata truthy P35 head-of-state value during full 100-row recheck; CIA World Leaders used as general current-office cross-check."
"24","South Africa","ZAF","Cyril Ramaphosa","Head of state / president where applicable","OK","OK_HIGHER_CONFIDENCE","$15,042","high","","https://www.remcommission.gov.za/library/determinations | https://www.cia.gov/resources/world-leaders/","MATCHED_WIKIDATA_P35_2026_06_09","Matched Wikidata truthy P35 head-of-state value during full 100-row recheck; CIA World Leaders used as general current-office cross-check."
"25","Italy","ITA","Sergio Mattarella","Head of state / president where applicable","OK","REVIEW_APPROXIMATE","$22,929","medium","FACTCHECK: salary retained as approximate; official/current source not fully verified","https://en.wikipedia.org/wiki/List_of_heads_of_state_and_government_salaries | https://www.cia.gov/resources/world-leaders/","MATCHED_WIKIDATA_P35_2026_06_09","Matched Wikidata truthy P35 head-of-state value during full 100-row recheck; CIA World Leaders used as general current-office cross-check."
"26","Kenya","KEN","William Ruto","Head of state / president where applicable","OK","OK_HIGHER_CONFIDENCE","$11,150","high","","https://www.src.go.ke/ | https://www.cia.gov/resources/world-leaders/","MATCHED_WIKIDATA_P35_2026_06_09","Matched Wikidata truthy P35 head-of-state value during full 100-row recheck; CIA World Leaders used as general current-office cross-check."
"27","Colombia","COL","Gustavo Petro","Head of state / president where applicable","OK","REVIEW_APPROXIMATE","$11,223","medium","FACTCHECK: salary retained as approximate; official/current source not fully verified","https://en.wikipedia.org/wiki/List_of_heads_of_state_and_government_salaries | https://www.cia.gov/resources/world-leaders/","MATCHED_WIKIDATA_P35_2026_06_09","Matched Wikidata truthy P35 head-of-state value during full 100-row recheck; CIA World Leaders used as general current-office cross-check."
"28","Sudan","SDN","Abdel Fattah al-Burhan","Chair, Transitional Sovereignty Council / de facto head of state","SPECIAL_OFFICE","REVIEW_APPROXIMATE","$2,443","low","FACTCHECK: Sudan: de facto head of state / Sovereignty Council chair; salary weak. | FACTCHECK: salary retained as approximate; official/current source not fully verified","https://en.wikipedia.org/wiki/List_of_heads_of_state_and_government_salaries | https://www.cia.gov/resources/world-leaders/","MATCHED_WIKIDATA_P35_2026_06_09","Matched Wikidata truthy P35 head-of-state value during full 100-row recheck; CIA World Leaders used as general current-office cross-check."
"29","Myanmar","MMR","Min Aung Hlaing","President; military-backed government, disputed legitimacy","FIXED","FILLED_PRODUCTION_ESTIMATE","$3,000","estimated","FACTCHECK: CIA/AP/Xinhua current 2026 president; salary not reliably public | FACTCHECK: Current 2026 president changed; personal salary not reliably public. | PRODUCTION_FILL: no unknown value left; realistic estimate for video display, not fully verified official payroll","https://en.wikipedia.org/wiki/List_of_heads_of_state_and_government_salaries | https://www.cia.gov/resources/world-leaders/","CONFIRMED_EXTERNAL_STALE_WIKIDATA","Wikidata P35 still showed Myint Swe; CIA/AP/Myanmar President Office confirm Min Aung Hlaing as president in 2026."
"30","South Korea","KOR","Lee Jae Myung","Head of state / president where applicable","OK","REVIEW_APPROXIMATE","$17,610","medium","FACTCHECK: salary retained as approximate; official/current source not fully verified","https://en.wikipedia.org/wiki/List_of_heads_of_state_and_government_salaries | https://www.cia.gov/resources/world-leaders/","MATCHED_WIKIDATA_P35_2026_06_09","Matched Wikidata truthy P35 head-of-state value during full 100-row recheck; CIA World Leaders used as general current-office cross-check."
"31","Spain","ESP","Felipe VI of Spain","King / head of state; no president","OK","FILLED_PRODUCTION_ESTIMATE","$26,000","estimated","FACTCHECK: monarchy/royal allocation is not treated as president salary | PRODUCTION_FILL: no unknown value left; realistic estimate for video display, not fully verified official payroll","https://en.wikipedia.org/wiki/List_of_heads_of_state_and_government_salaries | https://www.cia.gov/resources/world-leaders/","MATCHED_WIKIDATA_P35_2026_06_09","Matched Wikidata truthy P35 head-of-state value during full 100-row recheck; CIA World Leaders used as general current-office cross-check."
"32","Algeria","DZA","Abdelmadjid Tebboune","Head of state / president where applicable","OK","REVIEW_APPROXIMATE","$5,833","medium","FACTCHECK: salary retained as approximate; official/current source not fully verified","https://en.wikipedia.org/wiki/List_of_heads_of_state_and_government_salaries | https://www.cia.gov/resources/world-leaders/","MATCHED_WIKIDATA_P35_2026_06_09","Matched Wikidata truthy P35 head-of-state value during full 100-row recheck; CIA World Leaders used as general current-office cross-check."
"33","Argentina","ARG","Javier Milei","Head of state / president where applicable","OK","OK_HIGHER_CONFIDENCE","$3,450","high","","https://www.lanacion.com.ar/politica/cuanto-cobra-de-sueldo-el-presidente-de-la-nacion-nid30122025/ | https://www.cia.gov/resources/world-leaders/","MATCHED_WIKIDATA_P35_2026_06_09","Matched Wikidata truthy P35 head-of-state value during full 100-row recheck; CIA World Leaders used as general current-office cross-check."
"34","Iraq","IRQ","Nizar Amedi","President","FIXED","FILLED_PRODUCTION_ESTIMATE","$12,000","estimated","FACTCHECK: CIA and April 2026 parliamentary election reports; prior Abdul Latif Rashid row was stale | FACTCHECK: Current 2026 president changed; prior $809,673 salary is not verified for current president. | PRODUCTION_FILL: no unknown value left; realistic estimate for video display, not fully verified official payroll","https://en.wikipedia.org/wiki/List_of_heads_of_state_and_government_salaries | https://www.cia.gov/resources/world-leaders/","CONFIRMED_EXTERNAL_STALE_WIKIDATA","Wikidata P35 still showed Abdul Latif Rashid; CIA/AP confirm Nizar Amedi/Amidi as president in 2026."
"35","Uganda","UGA","Yoweri Museveni","Head of state / president where applicable","OK","OK_APPROXIMATE","$975","medium","","https://en.wikipedia.org/wiki/List_of_heads_of_state_and_government_salaries | https://www.cia.gov/resources/world-leaders/","MATCHED_WIKIDATA_P35_2026_06_09","Matched Wikidata truthy P35 head-of-state value during full 100-row recheck; CIA World Leaders used as general current-office cross-check."
"36","Afghanistan","AFG","Hibatullah Akhundzada","Head of state / president where applicable","OK","REVIEW_APPROXIMATE","$3,002","medium","FACTCHECK: salary retained as approximate; official/current source not fully verified","https://en.wikipedia.org/wiki/List_of_heads_of_state_and_government_salaries | https://www.cia.gov/resources/world-leaders/","MATCHED_WIKIDATA_P35_2026_06_09","Matched Wikidata truthy P35 head-of-state value during full 100-row recheck; CIA World Leaders used as general current-office cross-check."
"37","Canada","CAN","Louise Arbour","Governor General of Canada / representative of the monarch","FIXED_REPRESENTATIVE_FOR_SALARY_BASIS","FILLED_PRODUCTION_ESTIMATE","$24,000","estimated","FACTCHECK 2026-06-09: Charles III is formal monarch, but salary_basis uses governor-general equivalent. Replaced display person/photo with Louise Arbour, installed as 31st Governor General on 8 June 2026.","https://www.pm.gc.ca/en/news/news-releases/2026/05/05/prime-minister-carney-announces-kings-approval-canadas-next-governor | https://www.canada.ca/en/canadian-heritage/news/2026/06/installation-ceremony-of-the-honourable-louise-arbour-as-the-31st-governor-general-of-canada.html | https://www.tvanouvelles.ca/2026/01/29/la-remuneration-de-la-gouverneure-generale-atteint-desormais-393-800","FIXED_COMMONWEALTH_REPRESENTATIVE_METHODOLOGY","Prime Minister of Canada; Canada.ca installation release; TVA/Privy Council salary reporting."
"38","Angola","AGO","João Lourenço","Head of state / president where applicable","OK","OK_APPROXIMATE","$700","medium","","https://en.wikipedia.org/wiki/List_of_heads_of_state_and_government_salaries | https://www.cia.gov/resources/world-leaders/","MATCHED_WIKIDATA_P35_2026_06_09","Matched Wikidata truthy P35 head-of-state value during full 100-row recheck; CIA World Leaders used as general current-office cross-check."
"39","Uzbekistan","UZB","Shavkat Mirziyoyev","Head of state / president where applicable","OK","REVIEW_APPROXIMATE","$1,300","medium","FACTCHECK: salary retained as approximate; official/current source not fully verified","https://en.wikipedia.org/wiki/List_of_heads_of_state_and_government_salaries | https://www.cia.gov/resources/world-leaders/","MATCHED_WIKIDATA_P35_2026_06_09","Matched Wikidata truthy P35 head-of-state value during full 100-row recheck; CIA World Leaders used as general current-office cross-check."
"40","Poland","POL","Karol Nawrocki","Head of state / president where applicable","OK","REVIEW_APPROXIMATE","$5,836","medium","FACTCHECK: salary retained as approximate; official/current source not fully verified","https://en.wikipedia.org/wiki/List_of_heads_of_state_and_government_salaries | https://www.cia.gov/resources/world-leaders/","MATCHED_WIKIDATA_P35_2026_06_09","Matched Wikidata truthy P35 head-of-state value during full 100-row recheck; CIA World Leaders used as general current-office cross-check."
"41","Morocco","MAR","Mohammed VI of Morocco","Monarch / head of state; no president","OK","FILLED_PRODUCTION_ESTIMATE","$40,700","estimated","FACTCHECK: monarchy/royal allocation is not treated as president salary | PRODUCTION_FILL: no unknown value left; realistic estimate for video display, not fully verified official payroll","https://en.wikipedia.org/wiki/List_of_heads_of_state_and_government_salaries | https://www.cia.gov/resources/world-leaders/","MATCHED_WIKIDATA_P35_2026_06_09","Matched Wikidata truthy P35 head-of-state value during full 100-row recheck; CIA World Leaders used as general current-office cross-check."
"42","Saudi Arabia","SAU","Salman bin Abdulaziz Al Saud","Monarch / head of state; no president","OK","FILLED_PRODUCTION_ESTIMATE","$100,000","estimated","FACTCHECK: monarchy/royal allocation is not treated as president salary | PRODUCTION_FILL: no unknown value left; realistic estimate for video display, not fully verified official payroll","https://en.wikipedia.org/wiki/List_of_heads_of_state_and_government_salaries | https://www.cia.gov/resources/world-leaders/","MATCHED_WIKIDATA_P35_2026_06_09","Matched Wikidata truthy P35 head-of-state value during full 100-row recheck; CIA World Leaders used as general current-office cross-check."
"43","Malaysia","MYS","Ibrahim Iskandar of Johor","Monarch / head of state; no president","OK","FILLED_PRODUCTION_ESTIMATE","$21,958","estimated","FACTCHECK: monarchy/royal allocation is not treated as president salary | PRODUCTION_FILL: no unknown value left; realistic estimate for video display, not fully verified official payroll","https://en.wikipedia.org/wiki/List_of_heads_of_state_and_government_salaries | https://www.cia.gov/resources/world-leaders/","MATCHED_WIKIDATA_P35_2026_06_09","Matched Wikidata truthy P35 head-of-state value during full 100-row recheck; CIA World Leaders used as general current-office cross-check."
"44","Peru","PER","José María Balcázar","Head of state / president where applicable","OK","OK_APPROXIMATE","$4,711","medium","","https://en.wikipedia.org/wiki/List_of_heads_of_state_and_government_salaries | https://www.cia.gov/resources/world-leaders/","MATCHED_WIKIDATA_P35_2026_06_09","Matched Wikidata truthy P35 head-of-state value during full 100-row recheck; CIA World Leaders used as general current-office cross-check."
"45","Mozambique","MOZ","Daniel Chapo","Head of state / president where applicable","OK","REVIEW_APPROXIMATE","$3,900","low","FACTCHECK: salary retained as approximate; official/current source not fully verified","https://en.wikipedia.org/wiki/List_of_heads_of_state_and_government_salaries | https://www.cia.gov/resources/world-leaders/","MATCHED_WIKIDATA_P35_2026_06_09","Matched Wikidata truthy P35 head-of-state value during full 100-row recheck; CIA World Leaders used as general current-office cross-check."
"46","Ghana","GHA","John Mahama","Head of state / president where applicable","OK","REVIEW_APPROXIMATE","$6,333","low","FACTCHECK: salary retained as approximate; official/current source not fully verified","https://en.wikipedia.org/wiki/List_of_heads_of_state_and_government_salaries | https://www.cia.gov/resources/world-leaders/","MATCHED_WIKIDATA_P35_2026_06_09","Matched Wikidata truthy P35 head-of-state value during full 100-row recheck; CIA World Leaders used as general current-office cross-check."
"47","Yemen","YEM","Rashad al-Alimi","Chairperson, Presidential Leadership Council","SPECIAL_OFFICE","REVIEW_APPROXIMATE","$1,275","low","FACTCHECK: Yemen: chair of Presidential Leadership Council; salary weak. | FACTCHECK: salary retained as approximate; official/current source not fully verified","https://en.wikipedia.org/wiki/List_of_heads_of_state_and_government_salaries | https://www.cia.gov/resources/world-leaders/","MATCHED_WIKIDATA_P35_2026_06_09","Matched Wikidata truthy P35 head-of-state value during full 100-row recheck; CIA World Leaders used as general current-office cross-check."
"48","Madagascar","MDG","Michael Randrianirina","Head of state / president where applicable","OK","FILLED_PRODUCTION_ESTIMATE","$4,000","estimated","FACTCHECK: Salary not publicly disclosed for current post-coup president. | PRODUCTION_FILL: no unknown value left; realistic estimate for video display, not fully verified official payroll","https://en.wikipedia.org/wiki/List_of_heads_of_state_and_government_salaries | https://www.cia.gov/resources/world-leaders/","MATCHED_WIKIDATA_P35_2026_06_09","Matched Wikidata truthy P35 head-of-state value during full 100-row recheck; CIA World Leaders used as general current-office cross-check."
"49","Ivory Coast","CIV","Alassane Ouattara","Head of state / president where applicable","OK","REVIEW_APPROXIMATE","$8,333","low","FACTCHECK: salary retained as approximate; official/current source not fully verified","https://en.wikipedia.org/wiki/List_of_heads_of_state_and_government_salaries | https://www.cia.gov/resources/world-leaders/","MATCHED_WIKIDATA_P35_2026_06_09","Matched Wikidata truthy P35 head-of-state value during full 100-row recheck; CIA World Leaders used as general current-office cross-check."
"50","Nepal","NPL","Ram Chandra Poudel","Head of state / president where applicable","OK","REVIEW_APPROXIMATE","$1,465","medium","FACTCHECK: salary retained as approximate; official/current source not fully verified","https://en.wikipedia.org/wiki/List_of_heads_of_state_and_government_salaries | https://www.cia.gov/resources/world-leaders/","MATCHED_WIKIDATA_P35_2026_06_09","Matched Wikidata truthy P35 head-of-state value during full 100-row recheck; CIA World Leaders used as general current-office cross-check."
"51","Cameroon","CMR","Paul Biya","Head of state / president where applicable","OK","FILLED_PRODUCTION_ESTIMATE","$8,000","estimated","FACTCHECK: salary retained as approximate; official/current source not fully verified | FACTCHECK: high aggregate salary suppressed; no reliable official/current salary confirmation found | PRODUCTION_FILL: no unknown value left; realistic estimate for video display, not fully verified official payroll","https://en.wikipedia.org/wiki/List_of_heads_of_state_and_government_salaries | https://www.cia.gov/resources/world-leaders/","MATCHED_WIKIDATA_P35_2026_06_09","Matched Wikidata truthy P35 head-of-state value during full 100-row recheck; CIA World Leaders used as general current-office cross-check."
"52","Ukraine","UKR","Volodymyr Zelenskyy","Head of state / president where applicable","OK","OK_APPROXIMATE","$638","low","","https://modern.az/en/dunya/587191/zelensky-his-salary-and-income-disclosed/ | https://www.cia.gov/resources/world-leaders/","MATCHED_WIKIDATA_P35_2026_06_09","Matched Wikidata truthy P35 head-of-state value during full 100-row recheck; CIA World Leaders used as general current-office cross-check."
"53","Venezuela","VEN","Delcy Rodriguez","Acting President / Executive Vice President","SPECIAL_OFFICE","FILLED_PRODUCTION_ESTIMATE","$1,000","estimated","FACTCHECK: Venezuela: acting president / executive vice president; salary not independently verified. | FACTCHECK: Acting president salary not independently verified. | PRODUCTION_FILL: no unknown value left; realistic estimate for video display, not fully verified official payroll","https://en.wikipedia.org/wiki/List_of_heads_of_state_and_government_salaries | https://www.cia.gov/resources/world-leaders/","MATCHED_WIKIDATA_P35_2026_06_09","Matched Wikidata truthy P35 head-of-state value during full 100-row recheck; CIA World Leaders used as general current-office cross-check."
"54","Australia","AUS","Sam Mostyn","Governor-General of Australia / representative of the monarch","FIXED_REPRESENTATIVE_FOR_SALARY_BASIS","FILLED_PRODUCTION_ESTIMATE","$38,500","estimated","FACTCHECK 2026-06-09: Charles III is formal monarch, but salary_basis uses governor-general equivalent. Replaced display person/photo with Sam Mostyn, Australia Governor-General since 1 July 2024.","https://www.gg.gov.au/about-governor-general/governor-generals-biography | https://www.legislation.gov.au/C2024A00053/asmade/2024-06-28/text/original/pdf","FIXED_COMMONWEALTH_REPRESENTATIVE_METHODOLOGY","Official Governor-General biography; Governor-General Amendment (Salary) Act 2024."
"55","Niger","NER","Abdourahamane Tchiani","Head of state / president where applicable","OK","FILLED_PRODUCTION_ESTIMATE","$3,000","estimated","FACTCHECK: Salary not publicly disclosed. | PRODUCTION_FILL: no unknown value left; realistic estimate for video display, not fully verified official payroll","https://en.wikipedia.org/wiki/List_of_heads_of_state_and_government_salaries | https://www.cia.gov/resources/world-leaders/","MATCHED_WIKIDATA_P35_2026_06_09","Matched Wikidata truthy P35 head-of-state value during full 100-row recheck; CIA World Leaders used as general current-office cross-check."
"56","North Korea","PRK","Kim Jong-un","Head of state / president where applicable","OK","FILLED_PRODUCTION_ESTIMATE","$5,000","estimated","FACTCHECK: Salary not publicly disclosed. | PRODUCTION_FILL: no unknown value left; realistic estimate for video display, not fully verified official payroll","https://en.wikipedia.org/wiki/List_of_heads_of_state_and_government_salaries | https://www.cia.gov/resources/world-leaders/","MATCHED_WIKIDATA_P35_2026_06_09","Matched Wikidata truthy P35 head-of-state value during full 100-row recheck; CIA World Leaders used as general current-office cross-check."
"57","Syria","SYR","Ahmed al-Sharaa","Head of state / president where applicable","OK","FILLED_PRODUCTION_ESTIMATE","$5,000","estimated","FACTCHECK: salary retained as approximate; official/current source not fully verified | FACTCHECK: high aggregate salary suppressed; no reliable official/current salary confirmation found | PRODUCTION_FILL: no unknown value left; realistic estimate for video display, not fully verified official payroll","https://en.wikipedia.org/wiki/List_of_heads_of_state_and_government_salaries | https://www.cia.gov/resources/world-leaders/","MATCHED_WIKIDATA_P35_2026_06_09","Matched Wikidata truthy P35 head-of-state value during full 100-row recheck; CIA World Leaders used as general current-office cross-check."
"58","Burkina Faso","BFA","Ibrahim Traoré","Head of state / president where applicable","OK","REVIEW_APPROXIMATE","$2,818","low","FACTCHECK: salary retained as approximate; official/current source not fully verified","https://en.wikipedia.org/wiki/List_of_heads_of_state_and_government_salaries | https://www.cia.gov/resources/world-leaders/","MATCHED_WIKIDATA_P35_2026_06_09","Matched Wikidata truthy P35 head-of-state value during full 100-row recheck; CIA World Leaders used as general current-office cross-check."
"59","Taiwan","TWN","Lai Ching-te","Head of state / president where applicable","OK","REVIEW_APPROXIMATE","$15,000","medium","FACTCHECK: salary retained as approximate; official/current source not fully verified","https://en.wikipedia.org/wiki/List_of_heads_of_state_and_government_salaries | https://www.cia.gov/resources/world-leaders/","MATCHED_WIKIDATA_P35_2026_06_09","Matched Wikidata truthy P35 head-of-state value during full 100-row recheck; CIA World Leaders used as general current-office cross-check."
"60","Mali","MLI","Assimi Goïta","Head of state / president where applicable","OK","REVIEW_APPROXIMATE","$5,742","low","FACTCHECK: salary retained as approximate; official/current source not fully verified","https://en.wikipedia.org/wiki/List_of_heads_of_state_and_government_salaries | https://www.cia.gov/resources/world-leaders/","MATCHED_WIKIDATA_P35_2026_06_09","Matched Wikidata truthy P35 head-of-state value during full 100-row recheck; CIA World Leaders used as general current-office cross-check."
"61","Sri Lanka","LKA","Anura Kumara Dissanayake","Head of state / president where applicable","OK","REVIEW_APPROXIMATE","$615","medium","FACTCHECK: salary retained as approximate; official/current source not fully verified","https://en.wikipedia.org/wiki/List_of_heads_of_state_and_government_salaries | https://www.cia.gov/resources/world-leaders/","MATCHED_WIKIDATA_P35_2026_06_09","Matched Wikidata truthy P35 head-of-state value during full 100-row recheck; CIA World Leaders used as general current-office cross-check."
"62","Malawi","MWI","Peter Mutharika","Head of state / president where applicable","OK","REVIEW_APPROXIMATE","$6,192","medium","FACTCHECK: salary retained as approximate; official/current source not fully verified","https://en.wikipedia.org/wiki/List_of_heads_of_state_and_government_salaries | https://www.cia.gov/resources/world-leaders/","MATCHED_WIKIDATA_P35_2026_06_09","Matched Wikidata truthy P35 head-of-state value during full 100-row recheck; CIA World Leaders used as general current-office cross-check."
"63","Kazakhstan","KAZ","Qasym-Zhomart Toqaev","Head of state / president where applicable","OK","REVIEW_APPROXIMATE","$1,700","medium","FACTCHECK: salary retained as approximate; official/current source not fully verified","https://en.wikipedia.org/wiki/List_of_heads_of_state_and_government_salaries | https://www.cia.gov/resources/world-leaders/","MATCHED_WIKIDATA_P35_2026_06_09","Matched Wikidata truthy P35 head-of-state value during full 100-row recheck; CIA World Leaders used as general current-office cross-check."
"64","Chile","CHL","José Antonio Kast","Head of state / president where applicable","OK","OK_HIGHER_CONFIDENCE","$10,925","high","","https://cdn.hacienda.cl/ | https://www.cia.gov/resources/world-leaders/","MATCHED_WIKIDATA_P35_2026_06_09","Matched Wikidata truthy P35 head-of-state value during full 100-row recheck; CIA World Leaders used as general current-office cross-check."
"65","Zambia","ZMB","Hakainde Hichilema","Head of state / president where applicable","OK","FILLED_PRODUCTION_ESTIMATE","$1,900","estimated","FACTCHECK: Reports conflict: salary reported but government later said president does not receive state salary. | PRODUCTION_FILL: no unknown value left; realistic estimate for video display, not fully verified official payroll","https://en.wikipedia.org/wiki/List_of_heads_of_state_and_government_salaries | https://www.cia.gov/resources/world-leaders/","MATCHED_WIKIDATA_P35_2026_06_09","Matched Wikidata truthy P35 head-of-state value during full 100-row recheck; CIA World Leaders used as general current-office cross-check."
"66","Somalia","SOM","Hassan Sheikh Mohamud","Head of state / president where applicable","OK","REVIEW_APPROXIMATE","$10,000","low","FACTCHECK: salary retained as approximate; official/current source not fully verified","https://en.wikipedia.org/wiki/List_of_heads_of_state_and_government_salaries | https://www.cia.gov/resources/world-leaders/","MATCHED_WIKIDATA_P35_2026_06_09","Matched Wikidata truthy P35 head-of-state value during full 100-row recheck; CIA World Leaders used as general current-office cross-check."
"67","Chad","TCD","Mahamat Déby","Head of state / president where applicable","OK","REVIEW_APPROXIMATE","$1,387","low","FACTCHECK: salary retained as approximate; official/current source not fully verified","https://en.wikipedia.org/wiki/List_of_heads_of_state_and_government_salaries | https://www.cia.gov/resources/world-leaders/","MATCHED_WIKIDATA_P35_2026_06_09","Matched Wikidata truthy P35 head-of-state value during full 100-row recheck; CIA World Leaders used as general current-office cross-check."
"68","Senegal","SEN","Bassirou Diomaye Faye","Head of state / president where applicable","OK","REVIEW_APPROXIMATE","$1,268","low","FACTCHECK: salary retained as approximate; official/current source not fully verified","https://en.wikipedia.org/wiki/List_of_heads_of_state_and_government_salaries | https://www.cia.gov/resources/world-leaders/","MATCHED_WIKIDATA_P35_2026_06_09","Matched Wikidata truthy P35 head-of-state value during full 100-row recheck; CIA World Leaders used as general current-office cross-check."
"69","Romania","ROU","Nicușor Dan","Head of state / president where applicable","OK","REVIEW_APPROXIMATE","$5,108","low","FACTCHECK: salary retained as approximate; official/current source not fully verified","https://en.wikipedia.org/wiki/List_of_heads_of_state_and_government_salaries | https://www.cia.gov/resources/world-leaders/","MATCHED_WIKIDATA_P35_2026_06_09","Matched Wikidata truthy P35 head-of-state value during full 100-row recheck; CIA World Leaders used as general current-office cross-check."
"70","Ecuador","ECU","Daniel Noboa","Head of state / president where applicable","OK","REVIEW_APPROXIMATE","$6,261","medium","FACTCHECK: salary retained as approximate; official/current source not fully verified","https://en.wikipedia.org/wiki/List_of_heads_of_state_and_government_salaries | https://www.cia.gov/resources/world-leaders/","MATCHED_WIKIDATA_P35_2026_06_09","Matched Wikidata truthy P35 head-of-state value during full 100-row recheck; CIA World Leaders used as general current-office cross-check."
"71","Guatemala","GTM","Bernardo Arévalo de León","Head of state / president where applicable","OK","OK_APPROXIMATE","$12,950","medium","","https://agn.gt/presidente-anuncia-que-a-partir-de-junio-entra-en-vigor-la-reduccion-del-25-de-su-salario/ | https://www.cia.gov/resources/world-leaders/","MATCHED_WIKIDATA_P35_2026_06_09","Matched Wikidata truthy P35 head-of-state value during full 100-row recheck; CIA World Leaders used as general current-office cross-check."
"72","Cambodia","KHM","Norodom Sihamoni","Monarch / head of state; no president","OK","FILLED_PRODUCTION_ESTIMATE","$2,500","estimated","FACTCHECK: monarchy/royal allocation is not treated as president salary | PRODUCTION_FILL: no unknown value left; realistic estimate for video display, not fully verified official payroll","https://en.wikipedia.org/wiki/List_of_heads_of_state_and_government_salaries | https://www.cia.gov/resources/world-leaders/","MATCHED_WIKIDATA_P35_2026_06_09","Matched Wikidata truthy P35 head-of-state value during full 100-row recheck; CIA World Leaders used as general current-office cross-check."
"73","Zimbabwe","ZWE","Emmerson Mnangagwa","Head of state / president where applicable","OK","REVIEW_APPROXIMATE","$12,216","low","FACTCHECK: salary retained as approximate; official/current source not fully verified","https://en.wikipedia.org/wiki/List_of_heads_of_state_and_government_salaries | https://www.cia.gov/resources/world-leaders/","MATCHED_WIKIDATA_P35_2026_06_09","Matched Wikidata truthy P35 head-of-state value during full 100-row recheck; CIA World Leaders used as general current-office cross-check."
"74","Guinea","GIN","Mamady Doumbouya","Head of state / president where applicable","OK","REVIEW_APPROXIMATE","$1,866","low","FACTCHECK: salary retained as approximate; official/current source not fully verified","https://en.wikipedia.org/wiki/List_of_heads_of_state_and_government_salaries | https://www.cia.gov/resources/world-leaders/","MATCHED_WIKIDATA_P35_2026_06_09","Matched Wikidata truthy P35 head-of-state value during full 100-row recheck; CIA World Leaders used as general current-office cross-check."
"75","South Sudan","SSD","Salva Kiir Mayardit","Head of state / president where applicable","OK","REVIEW_APPROXIMATE","$5,000","low","FACTCHECK: salary retained as approximate; official/current source not fully verified","https://en.wikipedia.org/wiki/List_of_heads_of_state_and_government_salaries | https://www.cia.gov/resources/world-leaders/","MATCHED_WIKIDATA_P35_2026_06_09","Matched Wikidata truthy P35 head-of-state value during full 100-row recheck; CIA World Leaders used as general current-office cross-check."
"76","Rwanda","RWA","Paul Kagame","Head of state / president where applicable","OK","REVIEW_APPROXIMATE","$7,083","low","FACTCHECK: salary retained as approximate; official/current source not fully verified","https://en.wikipedia.org/wiki/List_of_heads_of_state_and_government_salaries | https://www.cia.gov/resources/world-leaders/","MATCHED_WIKIDATA_P35_2026_06_09","Matched Wikidata truthy P35 head-of-state value during full 100-row recheck; CIA World Leaders used as general current-office cross-check."
"77","Benin","BEN","Romuald Wadagni","Head of state / president where applicable","OK","REVIEW_APPROXIMATE","$2,484","medium","FACTCHECK: salary retained as approximate; official/current source not fully verified","https://en.wikipedia.org/wiki/List_of_heads_of_state_and_government_salaries | https://www.cia.gov/resources/world-leaders/","MATCHED_WIKIDATA_P35_2026_06_09","Matched Wikidata truthy P35 head-of-state value during full 100-row recheck; CIA World Leaders used as general current-office cross-check."
"78","Burundi","BDI","Évariste Ndayishimiye","Head of state / president where applicable","OK","REVIEW_APPROXIMATE","$3,942","low","FACTCHECK: salary retained as approximate; official/current source not fully verified","https://en.wikipedia.org/wiki/List_of_heads_of_state_and_government_salaries | https://www.cia.gov/resources/world-leaders/","MATCHED_WIKIDATA_P35_2026_06_09","Matched Wikidata truthy P35 head-of-state value during full 100-row recheck; CIA World Leaders used as general current-office cross-check."
"79","Tunisia","TUN","Kais Saied","Head of state / president where applicable","OK","REVIEW_APPROXIMATE","$1,392","low","FACTCHECK: salary retained as approximate; official/current source not fully verified","https://en.wikipedia.org/wiki/List_of_heads_of_state_and_government_salaries | https://www.cia.gov/resources/world-leaders/","MATCHED_WIKIDATA_P35_2026_06_09","Matched Wikidata truthy P35 head-of-state value during full 100-row recheck; CIA World Leaders used as general current-office cross-check."
"80","Jordan","JOR","Abdullah II of Jordan","Monarch / head of state; no president","OK","FILLED_PRODUCTION_ESTIMATE","$70,621","estimated","FACTCHECK: monarchy/royal allocation is not treated as president salary | PRODUCTION_FILL: no unknown value left; realistic estimate for video display, not fully verified official payroll","https://en.wikipedia.org/wiki/List_of_heads_of_state_and_government_salaries | https://www.cia.gov/resources/world-leaders/","MATCHED_WIKIDATA_P35_2026_06_09","Matched Wikidata truthy P35 head-of-state value during full 100-row recheck; CIA World Leaders used as general current-office cross-check."
"81","Belgium","BEL","Philippe of Belgium","Monarch / head of state; no president","OK","FILLED_PRODUCTION_ESTIMATE","$90,000","estimated","FACTCHECK: monarchy/royal allocation is not treated as president salary | PRODUCTION_FILL: no unknown value left; realistic estimate for video display, not fully verified official payroll","https://en.wikipedia.org/wiki/List_of_heads_of_state_and_government_salaries | https://www.cia.gov/resources/world-leaders/","MATCHED_WIKIDATA_P35_2026_06_09","Matched Wikidata truthy P35 head-of-state value during full 100-row recheck; CIA World Leaders used as general current-office cross-check."
"82","Haiti","HTI","Alix Didier Fils-Aime","Acting prime minister / sole executive; presidency vacant","SPECIAL_OFFICE","FILLED_PRODUCTION_ESTIMATE","$8,000","estimated","FACTCHECK: Transitional Presidential Council mandate ended 2026-02-07; no elected president | FACTCHECK: No current elected president; presidency vacant / executive authority by PM. | PRODUCTION_FILL: no unknown value left; realistic estimate for video display, not fully verified official payroll","https://en.wikipedia.org/wiki/List_of_heads_of_state_and_government_salaries | https://www.cia.gov/resources/world-leaders/","CONFIRMED_TRANSITION_EXCEPTION","Wikidata/CIA lag on TPC; AP/Al Jazeera/UN reporting confirms TPC ended 2026-02-07 and Alix Didier Fils-Aime leads executive authority."
"83","Bolivia","BOL","Rodrigo Paz Pereira","President","FIXED","REVIEW_APPROXIMATE","$3,327","medium","FACTCHECK: Name spelling corrected from Perota to Pereira | FACTCHECK: salary retained as approximate; official/current source not fully verified","https://en.wikipedia.org/wiki/List_of_heads_of_state_and_government_salaries | https://www.cia.gov/resources/world-leaders/","CONFIRMED_NAME_EXCEPTION","Wikidata label/source typo showed Perota; CIA and official Bolivia presidency confirm Rodrigo Paz Pereira."
"84","United Arab Emirates","ARE","Mohammed Bin Zayed Al Nahyan","President of the United Arab Emirates / head of state","OK","FILLED_PRODUCTION_ESTIMATE","$100,000","estimated","FACTCHECK: monarchy/royal allocation is not treated as president salary | PRODUCTION_FILL: no unknown value left; realistic estimate for video display, not fully verified official payroll","https://en.wikipedia.org/wiki/List_of_heads_of_state_and_government_salaries | https://www.cia.gov/resources/world-leaders/","MATCHED_WIKIDATA_P35_2026_06_09","Matched Wikidata truthy P35 head-of-state value during full 100-row recheck; CIA World Leaders used as general current-office cross-check."
"85","Czech Republic","CZE","Petr Pavel","Head of state / president where applicable","OK","OK_APPROXIMATE","$16,583","medium","","https://praguemorning.cz/czech-politicians-salaries-2026/ | https://www.cia.gov/resources/world-leaders/","MATCHED_WIKIDATA_P35_2026_06_09","Matched Wikidata truthy P35 head-of-state value during full 100-row recheck; CIA World Leaders used as general current-office cross-check."
"86","Dominican Republic","DOM","Luis Abinader","President","FIXED","OK_APPROXIMATE","$10,000","medium","FACTCHECK: Name spelling corrected from Arruinader to Abinader","https://en.wikipedia.org/wiki/List_of_heads_of_state_and_government_salaries | https://www.cia.gov/resources/world-leaders/","CONFIRMED_NAME_EXCEPTION","Wikidata label/source typo showed Arruinader; CIA confirms Luis Abinader."
"87","Portugal","PRT","António José Seguro","Head of state / president where applicable","OK","REVIEW_APPROXIMATE","$8,039","low","FACTCHECK: salary retained as approximate; official/current source not fully verified","https://en.wikipedia.org/wiki/List_of_heads_of_state_and_government_salaries | https://www.cia.gov/resources/world-leaders/","MATCHED_WIKIDATA_P35_2026_06_09","Matched Wikidata truthy P35 head-of-state value during full 100-row recheck; CIA World Leaders used as general current-office cross-check."
"88","Tajikistan","TJK","Emomali Rahmon","Head of state / president where applicable","OK","REVIEW_APPROXIMATE","$1,100","low","FACTCHECK: salary retained as approximate; official/current source not fully verified","https://en.wikipedia.org/wiki/List_of_heads_of_state_and_government_salaries | https://www.cia.gov/resources/world-leaders/","MATCHED_WIKIDATA_P35_2026_06_09","Matched Wikidata truthy P35 head-of-state value during full 100-row recheck; CIA World Leaders used as general current-office cross-check."
"89","Sweden","SWE","Carl XVI Gustaf of Sweden","Monarch / head of state; no president","OK","FILLED_PRODUCTION_ESTIMATE","$16,000","estimated","FACTCHECK: monarchy/royal allocation is not treated as president salary | PRODUCTION_FILL: no unknown value left; realistic estimate for video display, not fully verified official payroll","https://en.wikipedia.org/wiki/List_of_heads_of_state_and_government_salaries | https://www.cia.gov/resources/world-leaders/","MATCHED_WIKIDATA_P35_2026_06_09","Matched Wikidata truthy P35 head-of-state value during full 100-row recheck; CIA World Leaders used as general current-office cross-check."
"90","Greece","GRC","Konstantinos Tasoulas","Head of state / president where applicable","OK","REVIEW_APPROXIMATE","$12,895","low","FACTCHECK: salary retained as approximate; official/current source not fully verified","https://en.wikipedia.org/wiki/List_of_heads_of_state_and_government_salaries | https://www.cia.gov/resources/world-leaders/","MATCHED_WIKIDATA_P35_2026_06_09","Matched Wikidata truthy P35 head-of-state value during full 100-row recheck; CIA World Leaders used as general current-office cross-check."
"91","Azerbaijan","AZE","Ilham Aliyev","Head of state / president where applicable","OK","REVIEW_APPROXIMATE","$9,167","medium","FACTCHECK: salary retained as approximate; official/current source not fully verified","https://en.wikipedia.org/wiki/List_of_heads_of_state_and_government_salaries | https://www.cia.gov/resources/world-leaders/","MATCHED_WIKIDATA_P35_2026_06_09","Matched Wikidata truthy P35 head-of-state value during full 100-row recheck; CIA World Leaders used as general current-office cross-check."
"92","Israel","ISR","Isaac Herzog","Head of state / president where applicable","OK","REVIEW_APPROXIMATE","$14,417","low","FACTCHECK: salary retained as approximate; official/current source not fully verified","https://en.wikipedia.org/wiki/List_of_heads_of_state_and_government_salaries | https://www.cia.gov/resources/world-leaders/","MATCHED_WIKIDATA_P35_2026_06_09","Matched Wikidata truthy P35 head-of-state value during full 100-row recheck; CIA World Leaders used as general current-office cross-check."
"93","Papua New Guinea","PNG","Bob Dadae","Governor-General of Papua New Guinea / representative of the monarch","FIXED_REPRESENTATIVE_FOR_SALARY_BASIS","FILLED_PRODUCTION_ESTIMATE","$4,687","estimated","FACTCHECK 2026-06-09: Charles III is formal monarch, but salary_basis uses governor-general equivalent. Replaced display person/photo with Bob Dadae, listed by CIA as Governor Gen. in 2026.","https://www.cia.gov/resources/world-leaders/foreign-governments/papua-new-guinea","FIXED_COMMONWEALTH_REPRESENTATIVE_METHODOLOGY","CIA World Leaders Papua New Guinea page, last updated 2026-04-10."
"94","Honduras","HND","Nasry Asfura","Head of state / president where applicable","OK","REVIEW_APPROXIMATE","$4,159","low","FACTCHECK: salary retained as approximate; official/current source not fully verified","https://en.wikipedia.org/wiki/List_of_heads_of_state_and_government_salaries | https://www.cia.gov/resources/world-leaders/","CONFIRMED_LABEL_EXCEPTION","Wikidata P35 label returned as QID, but CIA World Leaders/AP/EFE confirm Nasry Asfura."
"95","Cuba","CUB","Miguel Díaz-Canel","Head of state / president where applicable","OK","FILLED_PRODUCTION_ESTIMATE","$500","estimated","FACTCHECK: Previous source was very weak net-worth style source; no official salary found. | PRODUCTION_FILL: no unknown value left; realistic estimate for video display, not fully verified official payroll","https://www.cinenetworth.com/miguel-diaz-canel-net-worth/ | https://www.cia.gov/resources/world-leaders/","MATCHED_WIKIDATA_P35_2026_06_09","Matched Wikidata truthy P35 head-of-state value during full 100-row recheck; CIA World Leaders used as general current-office cross-check."
"96","Hungary","HUN","Tamás Sulyok","Head of state / president where applicable","OK","REVIEW_APPROXIMATE","$20,900","low","FACTCHECK: salary retained as approximate; official/current source not fully verified","https://en.wikipedia.org/wiki/List_of_heads_of_state_and_government_salaries | https://www.cia.gov/resources/world-leaders/","MATCHED_WIKIDATA_P35_2026_06_09","Matched Wikidata truthy P35 head-of-state value during full 100-row recheck; CIA World Leaders used as general current-office cross-check."
"97","Austria","AUT","Alexander Van der Bellen","Head of state / president where applicable","OK","REVIEW_APPROXIMATE","$31,556","medium","FACTCHECK: salary retained as approximate; official/current source not fully verified","https://en.wikipedia.org/wiki/List_of_heads_of_state_and_government_salaries | https://www.cia.gov/resources/world-leaders/","MATCHED_WIKIDATA_P35_2026_06_09","Matched Wikidata truthy P35 head-of-state value during full 100-row recheck; CIA World Leaders used as general current-office cross-check."
"98","Switzerland","CHE","Guy Parmelin","President of the Swiss Confederation 2026; Federal Council is collective head of state","FIXED","OK_HIGHER_CONFIDENCE","$50,333","high","FACTCHECK: Use 2026 rotating president for a portrait; Federal Council remains collective head of state","https://www.admin.ch/fr/conseil-federal-revenu-voiture-voyages | https://www.cia.gov/resources/world-leaders/","CONFIRMED_COLLECTIVE_HEAD_EXCEPTION","Wikidata P35 is Swiss Federal Council; official admin.ch confirms Guy Parmelin as 2026 rotating President of the Confederation."
"99","Sierra Leone","SLE","Julius Maada Bio","Head of state / president where applicable","OK","REVIEW_APPROXIMATE","$1,018","low","FACTCHECK: salary retained as approximate; official/current source not fully verified","https://en.wikipedia.org/wiki/List_of_heads_of_state_and_government_salaries | https://www.cia.gov/resources/world-leaders/","MATCHED_WIKIDATA_P35_2026_06_09","Matched Wikidata truthy P35 head-of-state value during full 100-row recheck; CIA World Leaders used as general current-office cross-check."
"100","Belarus","BLR","Alexander Lukashenka","Head of state / president where applicable","OK","REVIEW_APPROXIMATE","$2,800","low","FACTCHECK: salary retained as approximate; official/current source not fully verified","https://en.wikipedia.org/wiki/List_of_heads_of_state_and_government_salaries | https://www.cia.gov/resources/world-leaders/","MATCHED_WIKIDATA_P35_2026_06_09","Matched Wikidata truthy P35 head-of-state value during full 100-row recheck; CIA World Leaders used as general current-office cross-check."
