"rank_population","country_en","leader_name_en","local_file","source_url","license","license_url","author","credit","changes_made","download_date"
"1","India","Droupadi Murmu","assets/final_portraits_3x4/001_IND_Droupadi-Murmu.jpg","https://commons.wikimedia.org/wiki/File:President_of_India_Droupadi_Murmu_official_portrait_%28cropped%29.jpg","GODL-India","","President's Secretariat
","https://presidentofindia.gov.in/president-india-smt-droupadi-murmu","cropped to 3:4, resized to 1200x1600, light contrast/color normalization","2026-06-09"
"2","People's Republic of China","Xi Jinping","assets/final_portraits_3x4/002_CHN_Xi-Jinping.jpg","https://commons.wikimedia.org/wiki/File:Xi_Jinping_meets_Keir_Starmer_Jan_2026.jpg","CC BY 4.0","","Simon Dawson / No 10 Downing Street","Prime Minister Keir Starmer visits China","cropped to 3:4, resized to 1200x1600, light contrast/color normalization","2026-06-09"
"3","United States","Donald Trump","assets/final_portraits_3x4/003_USA_Donald-Trump.jpg","https://commons.wikimedia.org/wiki/File:Official_Presidential_Portrait_of_President_Donald_J._Trump_%282025%29_%28cropped%29%282%29.jpg","Public domain","","Daniel Torok","White HouseFacebook","cropped to 3:4, resized to 1200x1600, light contrast/color normalization","2026-06-09"
"4","Indonesia","Prabowo Subianto","assets/final_portraits_3x4/004_IDN_Prabowo-Subianto.jpg","https://commons.wikimedia.org/wiki/File:Prabowo_Subianto_2024_official_portrait.jpg","Public domain","","Ministry of State Secretariat","https://drive.google.com/drive/folders/129OfYcB7t4mdOZWutA05Flkij718oIpV","cropped to 3:4, resized to 1200x1600, light contrast/color normalization","2026-06-09"
"5","Pakistan","Asif Ali Zardari","assets/final_portraits_3x4/005_PAK_Asif-Ali-Zardari.jpg","http://commons.wikimedia.org/wiki/Special:FilePath/Asif%20Ali%20Zardari%20-%202024%20%28cropped%202%29.jpg","CC BY 4.0","","



Press Service of the President of the Republic of Azerbaijan
","State reception on behalf of President of Pakistan was hosted in honor of President of Azerbaijan","cropped to 3:4, resized to 1200x1600, light contrast/color normalization","2026-06-09"
"6","Nigeria","Bola Ahmed Tinubu","assets/final_portraits_3x4/006_NGA_Bola-Ahmed-Tinubu.jpg","https://commons.wikimedia.org/wiki/File:Bola_Tinubu_portrait.jpg","CC BY-SA 4.0","","Nosa Asemota ","Own work","cropped to 3:4, resized to 1200x1600, light contrast/color normalization","2026-06-09"
"7","Brazil","Luiz Inácio Lula da Silva","assets/final_portraits_3x4/007_BRA_Luiz-Inácio-Lula-da-Silva.jpg","http://commons.wikimedia.org/wiki/Special:FilePath/Foto%20oficial%20de%20Luiz%20In%C3%A1cio%20Lula%20da%20Silva%20%28estreita%29.jpg","CC BY 2.0","","Palácio do Planalto from Brasilia, Brasil","Foto Oficial do Presidente da República, Luiz Inácio Lula da Silva","cropped to 3:4, resized to 1200x1600, light contrast/color normalization","2026-06-09"
"8","Bangladesh","Mohammad Shahabuddin","assets/final_portraits_3x4/008_BGD_Mohammad-Shahabuddin.jpg","https://commons.wikimedia.org/wiki/File:Mohammed_Shahabuddin_official_portrait.jpg","Public domain","","Press Information Department
","রাষ্ট্রপতির জীবনবৃত্তান্ত","cropped to 3:4, resized to 1200x1600, light contrast/color normalization","2026-06-09"
"9","Russia","Vladimir Putin","assets/final_portraits_3x4/009_RUS_Vladimir-Putin.jpg","https://commons.wikimedia.org/wiki/File:%D0%92%D0%BB%D0%B0%D0%B4%D0%B8%D0%BC%D0%B8%D1%80_%D0%9F%D1%83%D1%82%D0%B8%D0%BD_%2808-03-2024%29_%28cropped%29_%28higher_res%29_2.jpg","CC BY 4.0","","Пресс-служба Президента РФ","https://www.thetimes.com/world/europe/article/emmanuel-macron-rebrands-himself-as-anti-russia-hawk-to-german-fury-dlplhbbzs (indirectly, this is identical in framing, slightly different color, higher res)","cropped to 3:4, resized to 1200x1600, light contrast/color normalization","2026-06-09"
"10","Mexico","Claudia Sheinbaum","assets/final_portraits_3x4/010_MEX_Claudia-Sheinbaum.jpg","https://commons.wikimedia.org/wiki/File:Claudia_Sheinbaum_en_su_conferencia_matutina_%28cropped%29.jpg","CC BY 2.0","","Eneas De Troya","https://www.flickr.com/photos/eneas/54070528525/","cropped to 3:4, resized to 1200x1600, light contrast/color normalization","2026-06-09"
"11","Japan","Naruhito","assets/final_portraits_3x4/011_JPN_Naruhito.jpg","http://commons.wikimedia.org/wiki/Special:FilePath/Emperor%20Naruhito%2020250611%20%2854582524056%2C%20cropped%29.jpg","","","","","cropped to 3:4, resized to 1200x1600, light contrast/color normalization","2026-06-09"
"12","Philippines","Bongbong Marcos","assets/final_portraits_3x4/012_PHL_Bongbong-Marcos.jpg","http://commons.wikimedia.org/wiki/Special:FilePath/Portrait%20of%20President%20Ferdinand%20R.%20Marcos%2C%20Jr%20%28cropped%29.jpg","","","","","cropped to 3:4, resized to 1200x1600, light contrast/color normalization","2026-06-09"
"13","Democratic Republic of the Congo","Félix Tshisekedi","assets/final_portraits_3x4/013_COD_Félix-Tshisekedi.jpg","http://commons.wikimedia.org/wiki/Special:FilePath/Felix%20Tshisekedi%2C%20President%20of%20the%20Democratic%20Republic%20of%20the%20Congo%20%2855078564106%29%20%28cropped%29.jpg","","","","","cropped to 3:4, resized to 1200x1600, light contrast/color normalization","2026-06-09"
"14","Ethiopia","Taye Atske Selassie","assets/final_portraits_3x4/014_ETH_Taye-Atske-Selassie.jpg","http://commons.wikimedia.org/wiki/Special:FilePath/Taye%20Atske%20Selassie%20MFA%20Portrait.jpg","Public domain","","Ministry of Foreign Affairs of Ethiopia","[1]","cropped to 3:4, resized to 1200x1600, light contrast/color normalization","2026-06-09"
"15","Egypt","Abdel Fattah el-Sisi","assets/final_portraits_3x4/015_EGY_Abdel-Fattah-el-Sisi.jpg","http://commons.wikimedia.org/wiki/Special:FilePath/AbdelFattah%20Elsisi%20%28cropped%29.jpg","CC BY 4.0","","Ministry of Communications and Information Technology in Egypt","Own work","cropped to 3:4, resized to 1200x1600, light contrast/color normalization","2026-06-09"
"16","Vietnam","Tô Lâm","assets/final_portraits_3x4/016_VNM_Tô-Lâm.jpg","http://commons.wikimedia.org/wiki/Special:FilePath/To%20Lam%20May%202025.jpg","CC BY-SA 3.0","","Stanislav Krasilnikov","https://riamediabank.ru/media/8922117.html","cropped to 3:4, resized to 1200x1600, light contrast/color normalization","2026-06-09"
"17","Iran","Mojtaba Khamenei","assets/final_portraits_3x4/017_IRN_Mojtaba-Khamenei.jpg","https://commons.wikimedia.org/wiki/File:Ayatollah_Sayyid_Mojtaba_Khamenei,_10_April_2026_(cropped).jpg","CC BY 4.0 / see Commons","https://creativecommons.org/licenses/by/4.0/","Khamenei.ir / Wikimedia Commons","Mojtaba Khamenei, Supreme Leader of Iran","cropped to 3:4, resized to 1200x1600, light contrast/color normalization","2026-06-09"
"18","Turkey","Recep Tayyip Erdoğan","assets/final_portraits_3x4/018_TUR_Recep-Tayyip-Erdoğan.jpg","http://commons.wikimedia.org/wiki/Special:FilePath/Recep%20Tayyip%20Erdogan%20in%20Ukraine.jpg","CC BY 4.0","","PRESIDENT OF UKRAINE  VOLODYMYR ZELENSKYY Official website","https://www.president.gov.ua/photos/robocha-poyizdka-prezidenta-ukrayini-na-lvivshinu-4861","cropped to 3:4, resized to 1200x1600, light contrast/color normalization","2026-06-09"
"19","Germany","Frank-Walter Steinmeier","assets/final_portraits_3x4/019_DEU_Frank-Walter-Steinmeier.jpg","http://commons.wikimedia.org/wiki/Special:FilePath/Frank-Walter%20Steinmeier%20in%202025%20%28cropped%29.jpg","CC BY 4.0","","



Press Service of the President of the Republic of Azerbaijan
","Presidents of Azerbaijan and Germany attended concert at Heydar Aliyev Center","cropped to 3:4, resized to 1200x1600, light contrast/color normalization","2026-06-09"
"20","United Kingdom","Charles III","assets/final_portraits_3x4/020_GBR_Charles-III.jpg","https://commons.wikimedia.org/wiki/File:King_Charles_III_%28July_2023%29.jpg","Public domain","","White House
","https://twitter.com/POTUS/status/1678465366501064705","cropped to 3:4, resized to 1200x1600, light contrast/color normalization","2026-06-09"
"21","France","Emmanuel Macron","assets/final_portraits_3x4/021_FRA_Emmanuel-Macron.jpg","https://commons.wikimedia.org/wiki/File:Emmanuel_Macron_2025_%28cropped%29.jpg","Public domain","","Nebojša Tejić","https://www.flickr.com/photos/141163381@N04/54869784798/","cropped to 3:4, resized to 1200x1600, light contrast/color normalization","2026-06-09"
"22","Tanzania","Samia Suluhu Hassan","assets/final_portraits_3x4/022_TZA_Samia-Suluhu-Hassan.jpg","https://commons.wikimedia.org/wiki/File:International_leaders_sign_joint_statement_at_COP26_%2851649202102%29_%28Suluhu_crop%29.jpg","CC BY 2.0","","Scottish Government","International leaders sign joint statement at COP26","cropped to 3:4, resized to 1200x1600, light contrast/color normalization","2026-06-09"
"23","Thailand","Vajiralongkorn","assets/final_portraits_3x4/023_THA_Vajiralongkorn.jpg","https://commons.wikimedia.org/wiki/File:King_Rama_X_official_%28crop%29.png","CC BY 3.0 th","","The Public Relations Department (กรมประชาสัมพันธ์)","https://oer.learn.in.th/search_detail/result/49360","cropped to 3:4, resized to 1200x1600, light contrast/color normalization","2026-06-09"
"24","South Africa","Cyril Ramaphosa","assets/final_portraits_3x4/024_ZAF_Cyril-Ramaphosa.jpg","https://commons.wikimedia.org/wiki/File:21.11.2025_%E2%80%93_Presidente_da_Rep%C3%BAblica_da_%C3%81frica_do_Sul%2C_Cyril_Ramaphosa_%2854938010569%29_%28cropped%29.jpg","CC BY 4.0","","Ricardo Stuckert","21.11.2025 – Reunião bilateral com o Presidente da República da África do Sul, Cyril Ramaphosa","cropped to 3:4, resized to 1200x1600, light contrast/color normalization","2026-06-09"
"25","Italy","Sergio Mattarella","assets/final_portraits_3x4/025_ITA_Sergio-Mattarella.jpg","http://commons.wikimedia.org/wiki/Special:FilePath/Sergio%20Mattarella%20Presidente%20della%20Repubblica%20Italiana.jpg","Attribution","","Unknown authorUnknown author","Quirinale - Biografia (https://www.quirinale.it)","cropped to 3:4, resized to 1200x1600, light contrast/color normalization","2026-06-09"
"26","Kenya","William Ruto","assets/final_portraits_3x4/026_KEN_William-Ruto.jpg","https://commons.wikimedia.org/wiki/File:William_Ruto_2023_%28cropped%29.jpg","Attribution","","Presidenza della Repubblica","https://www.quirinale.it/elementi/80599","cropped to 3:4, resized to 1200x1600, light contrast/color normalization","2026-06-09"
"27","Colombia","Gustavo Petro","assets/final_portraits_3x4/027_COL_Gustavo-Petro.jpg","https://commons.wikimedia.org/wiki/File:Gustavo_Petro_2022.jpg","CC BY 2.0","","Departamento Nacional de Planeación","File:Foto Oficial Presidente Gustavo Petro (52274966005).jpg","cropped to 3:4, resized to 1200x1600, light contrast/color normalization","2026-06-09"
"28","Sudan","Abdel Fattah al-Burhan","assets/final_portraits_3x4/028_SDN_Abdel-Fattah-al-Burhan.jpg","https://commons.wikimedia.org/wiki/File:Abdel_Fattah_al-Burhan_in_April_2025_%28cropped%29.jpg","CC BY 4.0","","



Press Service of the President of the Republic of Azerbaijan
","Ilham Aliyev met with President of Transitional Sovereignty Council of Sudan in Antalya","cropped to 3:4, resized to 1200x1600, light contrast/color normalization","2026-06-09"
"29","Myanmar","Min Aung Hlaing","assets/final_portraits_3x4/029_MMR_Min-Aung-Hlaing.jpg","https://commons.wikimedia.org/wiki/File:Senior_General_Min_Aung_Hlaing_2017_(cropped).jpg","Public domain / source stated","","Government of the Philippines / Wikimedia Commons","Senior General Min Aung Hlaing 2017 cropped","cropped to 3:4, resized to 1200x1600, light contrast/color normalization","2026-06-09"
"30","South Korea","Lee Jae Myung","assets/final_portraits_3x4/030_KOR_Lee-Jae-Myung.jpg","http://commons.wikimedia.org/wiki/Special:FilePath/President%20Lee%20Jae-myung%202025%20%28cropped%29.jpg","CC BY-SA 2.0","","Republic of  Korea from Seoul, Republic of Korea","This image has been extracted from another file","cropped to 3:4, resized to 1200x1600, light contrast/color normalization","2026-06-09"
"31","Spain","Felipe VI of Spain","assets/final_portraits_3x4/031_ESP_Felipe-VI-of-Spain.jpg","http://commons.wikimedia.org/wiki/Special:FilePath/Daiga%20Mieri%C5%86a%20tiekas%20ar%20Sp%C4%81nijas%20karali%20-%2053814974005%20%28cropped%29.jpg","Public domain","","Foto: Nebojša Tejić/STA","Obisk španskega predsednika vlade v Sloveniji, Vlada Republike Slovenije from Ljubljana, Slovenia","cropped to 3:4, resized to 1200x1600, light contrast/color normalization","2026-06-09"
"32","Algeria","Abdelmadjid Tebboune","assets/final_portraits_3x4/032_DZA_Abdelmadjid-Tebboune.jpg","http://commons.wikimedia.org/wiki/Special:FilePath/Abdelmadjid%20Tebboune%20%282023%29%20%28cropped%29.jpg","CC BY 4.0","","State Duma of the Russian Federation","duma.gov.ru","cropped to 3:4, resized to 1200x1600, light contrast/color normalization","2026-06-09"
"33","Argentina","Javier Milei","assets/final_portraits_3x4/033_ARG_Javier-Milei.jpg","http://commons.wikimedia.org/wiki/Special:FilePath/Mattarella%20Milei%202024%20%28cropped%29.jpg","Attribution","","Quirinale","https://www.quirinale.it/elementi/107350","cropped to 3:4, resized to 1200x1600, light contrast/color normalization","2026-06-09"
"34","Iraq","Nizar Amedi","assets/final_portraits_3x4/034_IRQ_Nizar-Amedi.jpg","https://www.kurdistan24.net/en/story/907256/puk-candidate-nizar-amedi-elected-president-of-iraq-in-parliamentary-vote","News/social media source; verify reuse rights before external publication","","Kurdistan24 / Social Media","Nizar Amedi, Iraq president photo","cropped to 3:4, resized to 1200x1600, light contrast/color normalization","2026-06-09"
"35","Uganda","Yoweri Museveni","assets/final_portraits_3x4/035_UGA_Yoweri-Museveni.jpg","http://commons.wikimedia.org/wiki/Special:FilePath/Yoweri%20Museveni%20September%202015.jpg","Public domain","","U.S. Department of State","https://www.flickr.com/photos/statephotos/21149349393/","cropped to 3:4, resized to 1200x1600, light contrast/color normalization","2026-06-09"
"36","Afghanistan","Hibatullah Akhundzada","assets/final_portraits_3x4/036_AFG_Hibatullah-Akhundzada.jpg","https://commons.wikimedia.org/wiki/File:Hasan_Akhund.png","CC BY 3.0","","Uranus TV Kunduz","https://www.youtube.com/watch?v=S7WtOT6aZUU&amp;t=3s","cropped to 3:4, resized to 1200x1600, light contrast/color normalization","2026-06-09"
"37","Canada","Louise Arbour","public/ranking-corridor/2026-06-09-presidents-monthly-salaries/images/014_CAN_Louise-Arbour.jpg","https://www.gg.ca/en/governor-general/governor-general-louise-arbour","Government of Canada public web asset","https://www.gg.ca/en/important-notices","Office of the Secretary to the Governor General of Canada","Office of the Secretary to the Governor General of Canada","downloaded original media asset for Remotion; object-fit cover handles 3:4 frame","2026-06-09"
"38","Angola","João Lourenço","assets/final_portraits_3x4/038_AGO_João-Lourenço.jpg","http://commons.wikimedia.org/wiki/Special:FilePath/President%20of%20Angola%20Jo%C3%A3o%20Louren%C3%A7o%20during%20a%20bilateral%20exchange%20at%20the%20Angola%20presidential%20palace%20in%20Luanda%2C%20Angola%2C%20September%2027%2C%202023%20-%20230927-D-PM193-1914%20%28cropped%29.jpg","Public domain","","U.S. Secretary of Defense","https://www.flickr.com/photos/68842444@N03/53218396344/","cropped to 3:4, resized to 1200x1600, light contrast/color normalization","2026-06-09"
"39","Uzbekistan","Shavkat Mirziyoyev","assets/final_portraits_3x4/039_UZB_Shavkat-Mirziyoyev.jpg","http://commons.wikimedia.org/wiki/Special:FilePath/Shavkat%20Mirziyoyev%20official%20portrait%20%28cropped%202%29.jpg","CC BY-SA 4.0","","Press Service of the President of the Republic of Uzbekistan","Source confirming the publication: Official Facebook page of the President Shavkat MirziyoyevSupporting source: Official biography page of the President","cropped to 3:4, resized to 1200x1600, light contrast/color normalization","2026-06-09"
"40","Poland","Karol Nawrocki","assets/final_portraits_3x4/040_POL_Karol-Nawrocki.jpg","http://commons.wikimedia.org/wiki/Special:FilePath/Karol%20Nawrocki%20%282025%29%20%28cropped%29.jpg","Public domain","","The White House","https://www.flickr.com/photos/202101414@N05/54765502564/","cropped to 3:4, resized to 1200x1600, light contrast/color normalization","2026-06-09"
"41","Morocco","Mohammed VI of Morocco","assets/final_portraits_3x4/041_MAR_Mohammed-VI-of-Morocco.jpg","https://commons.wikimedia.org/wiki/File:King_Mohammed_VI_%28cropped%29.jpg","CC BY 2.0","","UN Climate Change","Flickr","cropped to 3:4, resized to 1200x1600, light contrast/color normalization","2026-06-09"
"42","Saudi Arabia","Salman bin Abdulaziz Al Saud","assets/final_portraits_3x4/042_SAU_Salman-bin-Abdulaziz-Al-Saud.jpg","https://commons.wikimedia.org/wiki/File:%D8%A7%D9%84%D8%B5%D9%88%D8%B1%D8%A9_%D8%A7%D9%84%D8%B1%D8%B3%D9%85%D9%8A%D8%A9_%D9%84%D8%AE%D8%A7%D8%AF%D9%85_%D8%A7%D9%84%D8%AD%D8%B1%D9%85%D9%8A%D9%86_%D8%A7%D9%84%D8%B4%D8%B1%D9%8A%D9%81%D9%8A%D9%86_%D8%A7%D9%84%D9%85%D9%84%D9%83_%D8%B3%D9%84%D9%85%D8%A7%D9%86_%D8%A8%D9%86_%D8%B9%D8%A8%D8%AF%D8%A7%D9%84%D8%B9%D8%B2%D9%8A%D8%B2_%D8%A2%D9%84_%D8%B3%D8%B9%D9%88%D8%AF.jpg","CC BY-SA 4.0","","Saudi Press Agency (SPA)","https://cc.spa.gov.sa/ar#27476","cropped to 3:4, resized to 1200x1600, light contrast/color normalization","2026-06-09"
"43","Malaysia","Ibrahim Iskandar of Johor","assets/final_portraits_3x4/043_MYS_Ibrahim-Iskandar-of-Johor.jpg","https://commons.wikimedia.org/wiki/File:King_Ibrahim_of_Malaysia_August_2025.jpg","CC BY 4.0","","Mikhail Tereshchenko","http://www.kremlin.ru/events/president/news/77721","cropped to 3:4, resized to 1200x1600, light contrast/color normalization","2026-06-09"
"44","Peru","José María Balcázar","assets/final_portraits_3x4/044_PER_José-María-Balcázar.jpg","https://commons.wikimedia.org/wiki/File:Jos%C3%A9_Mar%C3%ADa_Balc%C3%A1zar.jpg","CC BY 2.0","","Ministerio  de la Producción","https://www.flickr.com/photos/ministeriodelaproduccion/55115219825/","cropped to 3:4, resized to 1200x1600, light contrast/color normalization","2026-06-09"
"45","Mozambique","Daniel Chapo","assets/final_portraits_3x4/045_MOZ_Daniel-Chapo.jpg","https://commons.wikimedia.org/wiki/File:Daniel_Chapo_on_November_24%2C_2025_%28cropped%29.jpg","CC BY-SA 4.0","","Lula Oficial","https://www.flickr.com/photos/lulaoficial/54943384281/","cropped to 3:4, resized to 1200x1600, light contrast/color normalization","2026-06-09"
"46","Ghana","John Mahama","assets/final_portraits_3x4/046_GHA_John-Mahama.jpg","https://commons.wikimedia.org/wiki/File:John_Mahama_in_Yokohama_%28cropped%29.jpg","CC BY 4.0","","Cabinet Public Relations Office of the Cabinet Secretariat","TICAD 9 -Day 1- (2) (The Prime Minister in Action) | Prime Minister's Office of Japan","cropped to 3:4, resized to 1200x1600, light contrast/color normalization","2026-06-09"
"47","Yemen","Rashad al-Alimi","assets/final_portraits_3x4/047_YEM_Rashad-al-Alimi.jpg","http://commons.wikimedia.org/wiki/Special:FilePath/Rashad%20al-Alimi%20-%202022.jpg","CC BY-SA 4.0","","Ali mamon","Own work","cropped to 3:4, resized to 1200x1600, light contrast/color normalization","2026-06-09"
"48","Madagascar","Michael Randrianirina","assets/final_portraits_3x4/048_MDG_Michael-Randrianirina.jpg","https://commons.wikimedia.org/wiki/File:Michael_Randrianirina_in_February_2026.jpg","CC BY 4.0","","Presidential Executive Office of Russia","http://en.kremlin.ru/events/president/news/79182/photos/85331","cropped to 3:4, resized to 1200x1600, light contrast/color normalization","2026-06-09"
"49","Ivory Coast","Alassane Ouattara","assets/final_portraits_3x4/049_CIV_Alassane-Ouattara.jpg","http://commons.wikimedia.org/wiki/Special:FilePath/Alassane%20Ouattara%20-%202024%20%28cropped%29.jpg","Attribution","","Dario Pignatelli / European Union","https://newsroom.consilium.europa.eu/permalink/p184725 - https://newsroom.consilium.europa.eu/events/20240424-president-michel-visits-cote-d-ivoire/Pressstatements-27577/184725","cropped to 3:4, resized to 1200x1600, light contrast/color normalization","2026-06-09"
"50","Nepal","Ram Chandra Poudel","assets/final_portraits_3x4/050_NPL_Ram-Chandra-Poudel.jpg","https://commons.wikimedia.org/wiki/File:President_Ram_Chandra_Poudel%2C_Official_portrait_%28January_2024%29.jpg","CC BY 2.0","","Houses of the Oireachtas","https://www.flickr.com/photos/54097310@N08/53457375098/","cropped to 3:4, resized to 1200x1600, light contrast/color normalization","2026-06-09"
"51","Cameroon","Paul Biya","assets/final_portraits_3x4/051_CMR_Paul-Biya.jpg","http://commons.wikimedia.org/wiki/Special:FilePath/Paul%20Biya%20in%20December%2014th%2C%202022.jpg","Public domain","","United States Department of State Africa U.S.-Africa Leaders Summit: Photos and Videos","https://www.state.gov/africasummit/photos/","cropped to 3:4, resized to 1200x1600, light contrast/color normalization","2026-06-09"
"52","Ukraine","Volodymyr Zelenskyy","assets/final_portraits_3x4/052_UKR_Volodymyr-Zelenskyy.jpg","http://commons.wikimedia.org/wiki/Special:FilePath/Volodymyr%20Zelensky%20Official%20portrait.jpg","CC BY 4.0","","me.gov.ua","https://me.gov.ua/Documents/Detail?lang=uk-UA&amp;id=11d61b18-e608-48ef-a22f-93c283fc84cc&amp;title=Vitseprem-rministrUkrainiMinistr2021","cropped to 3:4, resized to 1200x1600, light contrast/color normalization","2026-06-09"
"53","Venezuela","Delcy Rodriguez","assets/final_portraits_3x4/053_VEN_Delcy-Rodriguez.jpg","http://commons.wikimedia.org/wiki/Special:FilePath/Delcy%20Rodr%C3%ADguez%20portrait.jpg","CC BY-SA 4.0","","government.ru","This image has been extracted from another file","cropped to 3:4, resized to 1200x1600, light contrast/color normalization","2026-06-09"
"54","Australia","Sam Mostyn","public/ranking-corridor/2026-06-09-presidents-monthly-salaries/images/009_AUS_Sam-Mostyn.jpg","https://commons.wikimedia.org/wiki/File:Sam_Mostyn_2024.jpg","CC BY 3.0","https://creativecommons.org/licenses/by/3.0/","Governor-General of Australia","Governor-General of Australia / gg.gov.au","downloaded local portrait asset for Remotion; object-fit cover handles 3:4 frame","2026-06-09"
"55","Niger","Abdourahamane Tchiani","assets/final_portraits_3x4/055_NER_Abdourahamane-Tchiani.jpg","http://commons.wikimedia.org/wiki/Special:FilePath/Abdourahamane%20Tchiani%20in%202025%20%28cropped%29.jpg","","","","","cropped to 3:4, resized to 1200x1600, light contrast/color normalization","2026-06-09"
"56","North Korea","Kim Jong-un","assets/final_portraits_3x4/056_PRK_Kim-Jong-un.jpg","http://commons.wikimedia.org/wiki/Special:FilePath/Kim%20Jong-un%20and%20Vladimir%20Putin%20%282023-09-13%29%2012%20%28cropped%29.jpg","CC BY 4.0","","Владимир Смирнов / ТАСС","КНДР поддерживает курс России на справедливое мироустройство (HQ); TASS Mediabank (ID 62123259)","cropped to 3:4, resized to 1200x1600, light contrast/color normalization","2026-06-09"
"57","Syria","Ahmed al-Sharaa","assets/final_portraits_3x4/057_SYR_Ahmed-al-Sharaa.jpg","http://commons.wikimedia.org/wiki/Special:FilePath/Ahmed%20al-Sharaa%2C%20President%20of%20Syria%2C%20in%20March%202026.jpg","CC BY 4.0","","Foreign, Commonwealth &amp; Development Office","Minister Falconer meets Syrian President","cropped to 3:4, resized to 1200x1600, light contrast/color normalization","2026-06-09"
"58","Burkina Faso","Ibrahim Traoré","assets/final_portraits_3x4/058_BFA_Ibrahim-Traoré.jpg","http://commons.wikimedia.org/wiki/Special:FilePath/Capitaine%20Ibrahim%20Traor%C3%A9.jpg","","","","","cropped to 3:4, resized to 1200x1600, light contrast/color normalization","2026-06-09"
"59","Taiwan","Lai Ching-te","assets/final_portraits_3x4/059_TWN_Lai-Ching-te.jpg","http://commons.wikimedia.org/wiki/Special:FilePath/%E8%B3%B4%E6%B8%85%E5%BE%B7%E7%B8%BD%E7%B5%B1%201.jpg","Attribution","","總統府","https://www.president.gov.tw/Page/697","cropped to 3:4, resized to 1200x1600, light contrast/color normalization","2026-06-09"
"60","Mali","Assimi Goïta","assets/final_portraits_3x4/060_MLI_Assimi-Goïta.jpg","http://commons.wikimedia.org/wiki/Special:FilePath/Assimi%20Go%C3%AFta%20in%20July%202023.jpg","CC BY 4.0","","President of Russia,Kremlin","http://en.kremlin.ru/events/president/news/71842","cropped to 3:4, resized to 1200x1600, light contrast/color normalization","2026-06-09"
"61","Sri Lanka","Anura Kumara Dissanayake","assets/final_portraits_3x4/061_LKA_Anura-Kumara-Dissanayake.jpg","https://commons.wikimedia.org/wiki/File:Minister_of_External_Affairs%2C_Govt._of_Bharat%2C_Dr._Subrahmanyam_Jaishankar_with_the_President_of_Sri_Lanka_Mr._Anura_Kumara_Dissanayake_%28cropped%29.jpg","GODL-India","","Ministry of External Affairs
","



 
This file or its source was published by Press Information Bureau on behalf of Ministry of External Affairs, Government of India under the ID 173009. (direct link)
This tag does not indicate the copyright status of the attached work. A normal copyright tag is still required. See Commons:Licensing.


العربية ∙ বাংলা ∙ English ∙ हिन्दी ∙ 日本語 ∙ македонски ∙ മലയാളം ∙ polski ∙ தமிழ் ∙ ತುಳು ∙ 中文 ∙ 中文（简体） ∙ 中文（繁體） ∙ +/−



","cropped to 3:4, resized to 1200x1600, light contrast/color normalization","2026-06-09"
"62","Malawi","Peter Mutharika","assets/final_portraits_3x4/062_MWI_Peter-Mutharika.jpg","http://commons.wikimedia.org/wiki/Special:FilePath/Arthur%20Peter%20Mutharika%202014%20%28cropped%29.jpg","Public domain","","U.S. Department of State","https://www.flickr.com/photos/statephotos/14817425966/","cropped to 3:4, resized to 1200x1600, light contrast/color normalization","2026-06-09"
"63","Kazakhstan","Qasym-Zhomart Toqaev","assets/final_portraits_3x4/063_KAZ_Qasym-Zhomart-Toqaev.jpg","https://commons.wikimedia.org/wiki/File:2025_Tokayev_Address_to_the_Nation_%28cropped%29.jpg","CC BY 4.0","","Қазақстан премьер-министрі","Мемлекет басшысы Қасым-Жомарт Тоқаевтың «Жасанды интеллект дәуіріндегі Қазақстан: өзекті мәселелер және оны түбегейлі цифрлық өзгерістер арқылы шешу» атты Қазақстан халқына Жолдауы","cropped to 3:4, resized to 1200x1600, light contrast/color normalization","2026-06-09"
"64","Chile","José Antonio Kast","assets/final_portraits_3x4/064_CHL_José-Antonio-Kast.jpg","https://commons.wikimedia.org/wiki/File:Presidente_Jos%C3%A9_Antonio_Kast_en_marzo_de_2026.jpg","CC BY 3.0 cl","","Gobierno de Chile","https://prensa.presidencia.cl/comunicado.aspx?id=322094","cropped to 3:4, resized to 1200x1600, light contrast/color normalization","2026-06-09"
"65","Zambia","Hakainde Hichilema","assets/final_portraits_3x4/065_ZMB_Hakainde-Hichilema.jpg","https://commons.wikimedia.org/wiki/File:Hakainde_Hichilema_in_Japan_on_February_6%2C_2025_%28cropped%29.jpg","CC BY 4.0","","Cabinet Public Relations Office of the Cabinet Secretariat","Japan-Zambia Summit Meeting (The Prime Minister in Action) | Prime Minister's Office of Japan","cropped to 3:4, resized to 1200x1600, light contrast/color normalization","2026-06-09"
"66","Somalia","Hassan Sheikh Mohamud","assets/final_portraits_3x4/066_SOM_Hassan-Sheikh-Mohamud.jpg","http://commons.wikimedia.org/wiki/Special:FilePath/Hassan%20Sheikh%20Mohamud--StateDept%20Portrait--%20%28cropped%29.jpg","Public domain","","United States State Department","Flickr","cropped to 3:4, resized to 1200x1600, light contrast/color normalization","2026-06-09"
"67","Chad","Mahamat Déby","assets/final_portraits_3x4/067_TCD_Mahamat-Déby.jpg","http://commons.wikimedia.org/wiki/Special:FilePath/Mahamat%20D%C3%A9by.jpg","Public domain","","United States Department of State Africa U.S.-Africa Leaders Summit: Photos and Videos","https://www.state.gov/africasummit/photos/","cropped to 3:4, resized to 1200x1600, light contrast/color normalization","2026-06-09"
"68","Senegal","Bassirou Diomaye Faye","assets/final_portraits_3x4/068_SEN_Bassirou-Diomaye-Faye.jpg","https://commons.wikimedia.org/wiki/File:Bassirou_Diomaye_Faye_in_Yokohama_%28cropped%29.jpg","CC BY 4.0","","Cabinet Public Relations Office of the Cabinet Secretariat","TICAD9 -Day 1- (1) (The Prime Minister in Action) | Prime Minister's Office of Japan","cropped to 3:4, resized to 1200x1600, light contrast/color normalization","2026-06-09"
"69","Romania","Nicușor Dan","assets/final_portraits_3x4/069_ROU_Nicușor-Dan.jpg","https://commons.wikimedia.org/wiki/File:Nicu%C8%99or_Dan_-_Eastern_Flank_Summit_16_December_2025_%28cropped%29.jpg","CC BY 4.0","","FinnishGovernment","https://www.flickr.com/photos/finnishgovernment/54988218514/","cropped to 3:4, resized to 1200x1600, light contrast/color normalization","2026-06-09"
"70","Ecuador","Daniel Noboa","assets/final_portraits_3x4/070_ECU_Daniel-Noboa.jpg","https://commons.wikimedia.org/wiki/File:Noboa_en_24_mayo_de_2026.jpg","CC0","","Juan Montenegro/Presidencia de la República","https://www.flickr.com/photos/presidenciaecuador/55291048490/","cropped to 3:4, resized to 1200x1600, light contrast/color normalization","2026-06-09"
"71","Guatemala","Bernardo Arévalo de León","assets/final_portraits_3x4/071_GTM_Bernardo-Arévalo-de-León.jpg","http://commons.wikimedia.org/wiki/Special:FilePath/Bernardo%20Ar%C3%A9valo%20de%20Le%C3%B3n.jpg","Public domain","","Gobierno de Guatemala","https://www.flickr.com/photos/guatemalagob/54891043103/","cropped to 3:4, resized to 1200x1600, light contrast/color normalization","2026-06-09"
"72","Cambodia","Norodom Sihamoni","assets/final_portraits_3x4/072_KHM_Norodom-Sihamoni.jpg","http://commons.wikimedia.org/wiki/Special:FilePath/Ceremonial%20Reception%20of%20the%20King%20of%20Cambodia%2C%20Norodom%20Sihamoni%20on%20May%2030%2C%202023%20%283x4%20cropped%29.jpg","","","","","cropped to 3:4, resized to 1200x1600, light contrast/color normalization","2026-06-09"
"73","Zimbabwe","Emmerson Mnangagwa","assets/final_portraits_3x4/073_ZWE_Emmerson-Mnangagwa.jpg","http://commons.wikimedia.org/wiki/Special:FilePath/Emmerson%20Mnangagwa%20Official%20Portrait%20%28cropped%29.jpg","Public domain","","Government of Zimbabwe","Government of Zimbabwe","cropped to 3:4, resized to 1200x1600, light contrast/color normalization","2026-06-09"
"74","Guinea","Mamady Doumbouya","assets/final_portraits_3x4/074_GIN_Mamady-Doumbouya.jpg","http://commons.wikimedia.org/wiki/Special:FilePath/Mamadi%20Doumbouya%202022.jpg","Public domain","","Ambassade des Etats-Unis Conakry, Guinée","https://www.facebook.com/photo/?fbid=303743871782884","cropped to 3:4, resized to 1200x1600, light contrast/color normalization","2026-06-09"
"75","South Sudan","Salva Kiir Mayardit","assets/final_portraits_3x4/075_SSD_Salva-Kiir-Mayardit.jpg","http://commons.wikimedia.org/wiki/Special:FilePath/Salva%20Kiir%20Mayardit.jpg","CC BY-SA 3.0","","Photo Credit: Jenny Rockett","jenny.rockett@journalist.com","cropped to 3:4, resized to 1200x1600, light contrast/color normalization","2026-06-09"
"76","Rwanda","Paul Kagame","assets/final_portraits_3x4/076_RWA_Paul-Kagame.jpg","http://commons.wikimedia.org/wiki/Special:FilePath/Paul%20Kagame%20MSC%202017.jpg","CC BY 3.0 de","","Hildenbrand /MSC","https://securityconference.org/en/medialibrary/asset/paul-kagame-1538-18-02-2017/","cropped to 3:4, resized to 1200x1600, light contrast/color normalization","2026-06-09"
"77","Benin","Romuald Wadagni","assets/final_portraits_3x4/077_BEN_Romuald-Wadagni.jpg","http://commons.wikimedia.org/wiki/Special:FilePath/Romuald%20Wadagni%20March%202026.jpg","CC BY-SA 4.0","","Bibamad","Own work","cropped to 3:4, resized to 1200x1600, light contrast/color normalization","2026-06-09"
"78","Burundi","Évariste Ndayishimiye","assets/final_portraits_3x4/078_BDI_Évariste-Ndayishimiye.jpg","http://commons.wikimedia.org/wiki/Special:FilePath/%D0%AD%D0%B2%D0%B0%D1%80%D0%B8%D1%81%D1%82%20%D0%9D%D0%B4%D0%B0%D0%B9%D0%B8%D1%88%D0%B8%D0%BC%D0%B8%D0%B5%20%2818-02-2022%29%20%28cropped%29.jpg","CC BY 4.0","","Lukasz Kobus / European Commission","Visit of Evariste Ndayishimiye, President of Burundi, to the European Commission","cropped to 3:4, resized to 1200x1600, light contrast/color normalization","2026-06-09"
"79","Tunisia","Kais Saied","assets/final_portraits_3x4/079_TUN_Kais-Saied.jpg","http://commons.wikimedia.org/wiki/Special:FilePath/Kais%20Saied%202023.jpg","Attribution","","Quirinale","https://www.quirinale.it/elementi/93652","cropped to 3:4, resized to 1200x1600, light contrast/color normalization","2026-06-09"
"80","Jordan","Abdullah II of Jordan","assets/final_portraits_3x4/080_JOR_Abdullah-II-of-Jordan.jpg","https://commons.wikimedia.org/wiki/File:Abdullah_II_portrait_at_10_Downing_Street_February_2026_%28cropped%29.jpg","OGL 3","","Number 10","https://www.flickr.com/photos/number10gov/55100153570/","cropped to 3:4, resized to 1200x1600, light contrast/color normalization","2026-06-09"
"81","Belgium","Philippe of Belgium","assets/final_portraits_3x4/081_BEL_Philippe-of-Belgium.jpg","https://commons.wikimedia.org/wiki/File:Visit_of_King_Philippe_I_of_Belgium_to_Ghent_European_Youth_Capital_on_25_April_2024_-_EU2024BE_240425_Visit_of_His_Majesty_the_King_to_Ghent_European_Youth_Capital_Ghent_JNZT_0078_%2853677952391%29.jpg","CC BY 2.0","","Belgian Presidency of the Council of the EU 2024 from Belgium","EU2024BE_240425_Visit of His Majesty the King to Ghent European Youth Capital_Ghent_JNZT_0078","cropped to 3:4, resized to 1200x1600, light contrast/color normalization","2026-06-09"
"82","Haiti","Alix Didier Fils-Aime","assets/final_portraits_3x4/082_HTI_Alix-Didier-Fils-Aime.jpg","https://commons.wikimedia.org/wiki/File:Alix_Didier_Fils-Aim%C3%A9_-_Premier_ministre_3x4_portrait.jpg","CC0 1.0","","Unknown / Government of Haiti communications","Alix Didier Fils-Aime official portrait","cropped to 3:4, resized to 1200x1600, light contrast/color normalization","2026-06-09"
"83","Bolivia","Rodrigo Paz Pereira","assets/final_portraits_3x4/083_BOL_Rodrigo-Paz-Pereira.jpg","https://commons.wikimedia.org/wiki/File:Rodrigo_Paz_Pereira._Official_portrait,_2020._Chamber_of_Senators_of_Bolivia_(3x4_cropped).jpg","see Commons","","Chamber of Senators of Bolivia / Wikimedia Commons","Rodrigo Paz Pereira official portrait","cropped to 3:4, resized to 1200x1600, light contrast/color normalization","2026-06-09"
"84","United Arab Emirates","Mohammed Bin Zayed Al Nahyan","assets/final_portraits_3x4/084_ARE_Mohammed-Bin-Zayed-Al-Nahyan.jpg","https://commons.wikimedia.org/wiki/File:Mohamed_bin_Zayed_Al_Nahyan_-_2024_%28cropped%29.jpg","CC BY 4.0","","



Press Service of the President of the Republic of Azerbaijan
","Presidents of Azerbaijan and United Arab Emirates held expanded meeting","cropped to 3:4, resized to 1200x1600, light contrast/color normalization","2026-06-09"
"85","Czech Republic","Petr Pavel","assets/final_portraits_3x4/085_CZE_Petr-Pavel.jpg","https://commons.wikimedia.org/wiki/File:Petr_Pavel.jpg","CC BY-SA 4.0","","Jana Jabůrková, Jiří Turek (J3T)","Kancelář prezidenta republiky","cropped to 3:4, resized to 1200x1600, light contrast/color normalization","2026-06-09"
"86","Dominican Republic","Luis Abinader","assets/final_portraits_3x4/086_DOM_Luis-Abinader.jpg","https://commons.wikimedia.org/wiki/File:President_Luis_Abinader.jpg","Public domain","","U.S. Department of State","President Luis Abinader","cropped to 3:4, resized to 1200x1600, light contrast/color normalization","2026-06-09"
"87","Portugal","António José Seguro","assets/final_portraits_3x4/087_PRT_António-José-Seguro.jpg","https://commons.wikimedia.org/wiki/File:Ant%C3%B3nio_Jos%C3%A9_Seguro_2026-04-21.png","CC BY-SA 4.0","","Lula Oficial","https://flickr.com/photos/lulaoficial/55222243703","cropped to 3:4, resized to 1200x1600, light contrast/color normalization","2026-06-09"
"88","Tajikistan","Emomali Rahmon","assets/final_portraits_3x4/088_TJK_Emomali-Rahmon.jpg","https://commons.wikimedia.org/wiki/File:Emomali_Rahmon_on_December_22%2C_2025_%28cropped%29.jpg","CC BY 4.0","","Cabinet Public Relations Office of the Cabinet Secretariat","Summit Meetings with Leaders of Countries Participating in the Summit of the ""Central Asia plus Japan"" Dialogue (CA+JAD) (2) (The Prime Minister in Action) | Prime Minister's Office of Japan","cropped to 3:4, resized to 1200x1600, light contrast/color normalization","2026-06-09"
"89","Sweden","Carl XVI Gustaf of Sweden","assets/final_portraits_3x4/089_SWE_Carl-XVI-Gustaf-of-Sweden.jpg","https://commons.wikimedia.org/wiki/File:06.11.2025_%E2%80%93_Recep%C3%A7%C3%A3o_Oficial_dos_Chefes_de_Delega%C3%A7%C3%A3o_da_C%C3%BApula_do_Clima_%2854906269035%29_%28Carlos_XVI_Gustavo%29.jpg","CC BY-SA 4.0","","Lula Oficial","06.11.2025 – Recepção Oficial dos Chefes de Delegação da Cúpula do Clima","cropped to 3:4, resized to 1200x1600, light contrast/color normalization","2026-06-09"
"90","Greece","Konstantinos Tasoulas","assets/final_portraits_3x4/090_GRC_Konstantinos-Tasoulas.jpg","http://commons.wikimedia.org/wiki/Special:FilePath/KonstantinosTasoulas.jpg","","","","","cropped to 3:4, resized to 1200x1600, light contrast/color normalization","2026-06-09"
"91","Azerbaijan","Ilham Aliyev","assets/final_portraits_3x4/091_AZE_Ilham-Aliyev.jpg","http://commons.wikimedia.org/wiki/Special:FilePath/Ilham%20Aliyev%2C%20December%202025%20%28cropped%29.jpg","","","","","cropped to 3:4, resized to 1200x1600, light contrast/color normalization","2026-06-09"
"92","Israel","Isaac Herzog","assets/final_portraits_3x4/092_ISR_Isaac-Herzog.jpg","http://commons.wikimedia.org/wiki/Special:FilePath/Israeli%20President%20Isaac%20Herzog%20in%202024%20%28cropped%29.jpg","","","","","cropped to 3:4, resized to 1200x1600, light contrast/color normalization","2026-06-09"
"93","Papua New Guinea","Bob Dadae","public/ranking-corridor/2026-06-09-presidents-monthly-salaries/images/059_PNG_Bob-Dadae.jpg","https://commons.wikimedia.org/wiki/File:Sir_Bob_Dadae_(cropped).jpg","Public domain","","U.S. Embassy Port Moresby","U.S. Embassy Port Moresby","downloaded cropped public domain portrait for Remotion; object-fit cover handles 3:4 frame","2026-06-09"
"94","Honduras","Nasry Asfura","assets/final_portraits_3x4/094_HND_Nasry-Asfura.jpg","http://commons.wikimedia.org/wiki/Special:FilePath/Secretary%20Rubio%20Meets%20with%20Honduran%20President-Elect%20%2855037313932%29%20%28cropped%29.jpg","Public domain","","U.S. Department of State","https://www.flickr.com/photos/statephotos/55037313932/","cropped to 3:4, resized to 1200x1600, light contrast/color normalization","2026-06-09"
"95","Cuba","Miguel Díaz-Canel","assets/final_portraits_3x4/095_CUB_Miguel-Díaz-Canel.jpg","http://commons.wikimedia.org/wiki/Special:FilePath/Miguel%20Diaz-Canel%20on%20July%207%2C%202025%20%28cropped%29.jpg","CC BY-SA 4.0","","El divo de placetas","https://www.flickr.com/photos/157736962@N05/54639960176/","cropped to 3:4, resized to 1200x1600, light contrast/color normalization","2026-06-09"
"96","Hungary","Tamás Sulyok","assets/final_portraits_3x4/096_HUN_Tamás-Sulyok.jpg","http://commons.wikimedia.org/wiki/Special:FilePath/Sulyok%20Tam%C3%A1s%20hivatalos%20portr%C3%A9ja%20%28cropped%29.jpg","CC BY-SA 4.0","","Sándor Palota","Sándor Palota (Hungarian Government, Communication Dept.)","cropped to 3:4, resized to 1200x1600, light contrast/color normalization","2026-06-09"
"97","Austria","Alexander Van der Bellen","assets/final_portraits_3x4/097_AUT_Alexander-Van-der-Bellen.jpg","http://commons.wikimedia.org/wiki/Special:FilePath/Alexander%20Van%20der%20Bellen%20%2813-07-2021%29%20%28cropped%29.jpg","CC BY 4.0","","Christophe Licoppe / European Commission","audiovisual.ec.europa.eu","cropped to 3:4, resized to 1200x1600, light contrast/color normalization","2026-06-09"
"98","Switzerland","Guy Parmelin","assets/final_portraits_3x4/098_CHE_Guy-Parmelin.jpg","https://commons.wikimedia.org/wiki/File:Guy_Parmelin_(2026).jpg","Attribution only / see Commons","","Schweizerische Bundeskanzlei","Guy Parmelin official Federal Council portrait 2026","cropped to 3:4, resized to 1200x1600, light contrast/color normalization","2026-06-09"
"99","Sierra Leone","Julius Maada Bio","assets/final_portraits_3x4/099_SLE_Julius-Maada-Bio.jpg","http://commons.wikimedia.org/wiki/Special:FilePath/Julius%20Maada%20Bio%20-%202023%20%28cropped%29.jpg","CC BY 4.0","","European Commission","https://audiovisual.ec.europa.eu/en/photo/P-060230~2F00-01","cropped to 3:4, resized to 1200x1600, light contrast/color normalization","2026-06-09"
"100","Belarus","Alexander Lukashenka","assets/final_portraits_3x4/100_BLR_Alexander-Lukashenka.jpg","https://commons.wikimedia.org/wiki/File:%D0%90%D0%BB%D0%B5%D0%BA%D1%81%D0%B0%D0%BD%D0%B4%D1%80_%D0%9B%D1%83%D0%BA%D0%B0%D1%88%D0%B5%D0%BD%D0%BA%D0%BE_%2813-04-2023%29_%28cropped%29.jpg","CC BY 4.0","","Пресс-служба Раиса Республики Татарстан","Раис Республики Татарстан Рустам Минниханов встретился с Президентом Республики Беларусь Александром Лукашенко","cropped to 3:4, resized to 1200x1600, light contrast/color normalization","2026-06-09"
